"Year.of.Observation","Month.of.Observation","cnt_all","mean_all","strand_anom_all","Date.x","MEI","NPGO","PDO","SST_39","SST_44","Upwelling_39","Upwelling_45","Wind_39","Wind_44","ENSO_cat","SST_39_anom","SST_44_anom","Date.y","CBA_South","CBA_North","Msquid_N","Herring","Anch"
2003,"APR",2,7.625,-5.625,2003-04-01,0.413,1.1017216,1.18,11.366,10.828,-1.0366,-48.7164,0.64375,2.935097,"El Nino",0.439615384615385,0.114266666666666,NA,0.41464236,0.17993824,0.554979,0.547059,0.208543
2003,"AUG",6,12,-6,2003-08-01,0.329,0.78228796,0.88,13.356,13.115,156.1878,45.5069,-2.37873,-2.412027,"El Nino",0.81,-0.0386000000000006,NA,-0.048141204,-0.16245294,0.554979,0.547059,0.208543
2003,"FEB",4,4.4375,-0.4375,2003-02-01,0.944,0.9925656,1.75,12.206,10.623,62.8981,-6.7659,-2.50208,-1.016269,"El Nino",0.883153846153846,0.412846153846154,NA,0.05484236,-0.44544688,0.554979,0.547059,0.208543
2003,"JAN",2,4.875,-2.875,2003-01-01,1.214,1.9691832,2.09,12.473,11.114,-117.2062,-182.9613,2.10768,4.589488,"El Nino",0.899769230769232,0.707857142857144,NA,0.015843982,-0.35752916,0.554979,0.547059,0.208543
2003,"JUL",14,16.6875,-2.6875,2003-07-01,0.178,1.2024409,0.96,10.35,13.854,283.0269,52.1439,-3.95479,-3.902294,"El Nino",-1.78625,0.130125,NA,0.14504628,0.041762684,0.554979,0.547059,0.208543
2003,"JUN",6,8.375,-2.375,2003-06-01,0.107,0.77769154,0.68,10.304,13.314,346.5649,60.6662,-3.33597,-3.996523,"El Nino",-0.515230769230769,-0.615333333333334,NA,0.045731205,0.32258397,0.554979,0.547059,0.208543
2003,"MAR",4,6,-2,2003-03-01,0.83,1.4907115,1.51,11.657,10.547,-13.983,-146.866,-1.58735,4.627126,"El Nino",0.390000000000001,0.425642857142858,NA,0.6397739,0.25859803,0.554979,0.547059,0.208543
2003,"MAY",18,14.25,3.75,2003-05-01,0.214,0.9192588,0.89,10.437,12.669,266.3612,26.8439,-4.61815,-2.649194,"El Nino",-0.382916666666668,0.310533333333334,NA,0.36278605,-0.42394167,0.554979,0.547059,0.208543
2003,"NOV",3,4.53333333333333,-1.53333333333333,2003-11-01,0.584,-0.11436786,0.52,11.894,11.731,-46.241,-84.0395,0.07611,1.895271,"El Nino",-1.00553846153846,-0.461,NA,-0.16206451,-0.14368148,0.554979,0.547059,0.208543
2003,"OCT",1,4.93333333333333,-3.93333333333333,2003-10-01,0.534,1.286991,0.83,12.176,13.157,55.2387,-87.169,-3.66366,1.230148,"El Nino",-0.848076923076922,-0.110799999999999,NA,0.18251559,-0.08092176,0.554979,0.547059,0.208543
2003,"SEP",1,6.33333333333333,-5.33333333333333,2003-09-01,0.492,0.8692253,0.01,12.329,11.635,165.3744,41.3239,-2.20912,-1.869425,"El Nino",-0.52125,-2.04446666666667,NA,-0.06139888,-0.43742883,0.554979,0.547059,0.208543
2004,"APR",4,7.625,-3.625,2004-04-01,0.358,0.1252492,0.57,11.426,11.102,72.016,-14.7112,-2.7242,-1.285933,"El Nino",0.499615384615385,0.388266666666667,NA,0.3780609,0.28318268,0.306804,0.12362,1.19523
2004,"AUG",7,12,-5,2004-08-01,0.639,0.68538326,0.85,13.795,14.213,72.9484,16.437,-2.0461,-1.689785,"El Nino",1.249,1.0594,NA,0.24839768,-0.011452932,0.306804,0.12362,1.19523
2004,"DEC",1,4.06666666666667,-3.06666666666667,2004-12-01,0.684,-0.98521197,-0.17,12.197,10.429,3.9906,-81.3434,0.86465,2.255172,"El Nino",0.0147692307692306,-0.637357142857143,NA,-0.03409889,-0.30037335,0.306804,0.12362,1.19523
2004,"FEB",7,4.4375,2.5625,2004-02-01,0.37,0.6672296,0.48,11.51,10.21,-97.0808,-143.5233,1.29381,2.592219,"El Nino",0.187153846153846,-0.000153846153844839,NA,0.19251274,-0.4048913,0.306804,0.12362,1.19523
2004,"JAN",6,4.875,1.125,2004-01-01,0.332,0.26501486,0.43,11.756,10.46,-81.5002,-191.8991,0.63042,3.428312,"El Nino",0.182769230769232,0.0538571428571437,NA,0.124510646,-0.9306125,0.306804,0.12362,1.19523
2004,"JUL",18,16.6875,1.3125,2004-07-01,0.574,0.41156805,0.44,13.308,14.649,99.76,40.3652,-2.92668,-3.062382,"El Nino",1.17175,0.925125,NA,0.10502036,-0.10970398,0.306804,0.12362,1.19523
2004,"JUN",3,8.375,-5.375,2004-06-01,0.315,0.7764751,0.04,10.602,14.947,188.2307,40.5031,-4.54417,-2.980223,"El Nino",-0.217230769230769,1.01766666666667,NA,0.2503951,0.40230897,0.306804,0.12362,1.19523
2004,"MAR",6,6,0,2004-03-01,-0.036,0.38293236,0.61,11.062,10.456,109.6707,-36.6857,-4.21146,-0.115612,"La Nina",-0.205,0.334642857142857,NA,0.3426517,-0.4535353,0.306804,0.12362,1.19523
2004,"MAY",12,14.25,-2.25,2004-05-01,0.558,0.20735337,0.88,11.968,13.996,86.1121,11.2105,-4.41876,-0.917814,"El Nino",1.14808333333333,1.63753333333333,NA,0.22641662,0.5472583,0.306804,0.12362,1.19523
2004,"NOV",1,4.53333333333333,-3.53333333333333,2004-11-01,0.818,-0.44177726,-0.63,12.76,11.46,98.1905,-8.3825,-2.99624,-0.385774,"El Nino",-0.139538461538462,-0.731999999999999,NA,0.16705216,-0.16909815,0.306804,0.12362,1.19523
2004,"OCT",3,4.93333333333333,-1.93333333333333,2004-10-01,0.524,0.042904183,-0.11,12.834,13.086,40.2352,-6.5593,-1.33769,0.553763,"El Nino",-0.190076923076923,-0.181799999999999,NA,0.10491559,-0.6377384,0.306804,0.12362,1.19523
2004,"SEP",6,6.33333333333333,-0.333333333333333,2004-09-01,0.591,0.3764023,0.75,12.487,15.12,129.2259,10.6987,-4.60825,-1.716389,"El Nino",-0.363250000000001,1.44053333333333,NA,0.18603538,-0.5586177,0.306804,0.12362,1.19523
2005,"APR",9,7.625,1.375,2005-04-01,0.626,-1.6860675,1.03,11.944,11.521,87.9704,-29.8939,-2.75528,-0.321094,"El Nino",1.01761538461539,0.807266666666667,NA,0.6402609,-0.8206173,0.124197,0.0738636,0.893062
2005,"AUG",7,12,-5,2005-08-01,0.362,-1.1305807,0.25,11.817,12.42,131.4161,54.6555,-3.55922,-4.300941,"El Nino",-0.728999999999999,-0.733600000000001,NA,0.5448699,-0.2004696,0.124197,0.0738636,0.893062
2005,"DEC",2,4.06666666666667,-2.06666666666667,2005-12-01,-0.55,-1.2528956,0.2,13.022,10.737,-141.1844,-164.0151,2.80579,3.545749,"La Nina",0.839769230769232,-0.329357142857143,NA,0.121634446,0.43519333,0.124197,0.0738636,0.893062
2005,"FEB",4,4.4375,-0.4375,2005-02-01,0.816,-1.4945695,0.81,12.423,NA,0.8504,3.2827,-0.51967,NA,"El Nino",1.10015384615385,NA,NA,0.46488497,-0.458408,0.124197,0.0738636,0.893062
2005,"JAN",1,4.875,-3.875,2005-01-01,0.325,-1.6584775,0.44,12.267,NA,-45.533,-94.5784,1.40726,NA,"El Nino",0.693769230769231,NA,NA,0.3868884,-0.5091958,0.124197,0.0738636,0.893062
2005,"JUL",9,16.6875,-7.6875,2005-07-01,0.519,-1.6639054,0.66,11.867,14.395,158.1158,60.9758,-3.17258,-4.233065,"El Nino",-0.26925,0.671125,NA,0.6054796,-1.1302207,0.124197,0.0738636,0.893062
2005,"JUN",4,8.375,-4.375,2005-06-01,0.589,-1.2837522,1.17,10.989,15.404,197.1365,18.7469,-3.68958,-2.280529,"El Nino",0.169769230769232,1.47466666666667,NA,0.642496,-1.5352439,0.124197,0.0738636,0.893062
2005,"MAR",1,6,-5,2005-03-01,1.057,-1.4867297,1.36,12.886,NA,15.6622,-38.1893,-0.51089,NA,"El Nino",1.619,NA,NA,0.30000725,-0.7374353,0.124197,0.0738636,0.893062
2005,"MAY",22,14.25,7.75,2005-05-01,0.885,-0.79030764,1.86,12.929,13.508,74.5523,-15.9308,-1.5914,1.256317,"El Nino",2.10908333333333,1.14953333333333,NA,0.64764714,-1.1962917,0.124197,0.0738636,0.893062
2005,"NOV",8,4.53333333333333,3.46666666666667,2005-11-01,-0.374,-1.6610364,-1.5,12.412,11.756,38.9511,-43.6884,-2.07191,1.146592,"La Nina",-0.487538461538461,-0.436,NA,0.13082439,-0.06798148,0.124197,0.0738636,0.893062
2005,"OCT",1,4.93333333333333,-3.93333333333333,2005-10-01,-0.152,-0.8893114,-1.32,12.47,12.7,69.2237,-55.1595,-2.59933,3.45593,"La Nina",-0.554076923076922,-0.5678,NA,0.37764892,0.053694908,0.124197,0.0738636,0.893062
2005,"SEP",3,6.33333333333333,-3.33333333333333,2005-09-01,0.329,-1.5729473,-0.46,12.23,12.095,121.8351,38.3074,-3.71014,-3.007083,"El Nino",-0.62025,-1.58446666666667,NA,0.28880852,-0.1648066,0.124197,0.0738636,0.893062
2006,"APR",8,7.625,0.375,2006-04-01,-0.571,-0.56621325,0.4,11.97,11.071,77.8645,-4.9755,1.25972,NA,"La Nina",1.04361538461539,0.357266666666666,NA,-0.020957625,-0.40151733,0.309274,0.0235695,0.124759
2006,"AUG",15,12,3,2006-08-01,0.77,-0.36677578,-0.65,NA,11.881,187.2537,62.581,NA,-4.866364,"El Nino",NA,-1.2726,NA,0.036378242,-0.12650293,0.309274,0.0235695,0.124759
2006,"DEC",3,4.06666666666667,-1.06666666666667,2006-12-01,0.965,-0.1553899,0.14,12.105,11.151,-14.1327,-162.5179,1.01694,3.766801,"El Nino",-0.0772307692307681,0.0846428571428568,NA,0.040145557,-0.25717333,0.309274,0.0235695,0.124759
2006,"FEB",5,4.4375,0.5625,2006-02-01,-0.414,-1.0694165,0.66,11.76,10.397,43.2438,-56.1905,-1.27934,-0.227232,"La Nina",0.437153846153846,0.186846153846155,NA,-0.06634282,0.092275344,0.309274,0.0235695,0.124759
2006,"JAN",12,4.875,7.125,2006-01-01,-0.428,-0.6465035,1.03,12.686,11.455,-18.2532,-175.2138,1.18235,6.284409,"La Nina",1.11276923076923,1.04885714285714,NA,NA,NA,0.309274,0.0235695,0.124759
2006,"JUL",16,16.6875,-0.6875,2006-07-01,0.718,-0.49922836,0.35,NA,12.722,186.0568,64.4086,NA,NA,"El Nino",NA,-1.001875,NA,0.04616295,0.17119601,0.309274,0.0235695,0.124759
2006,"JUN",10,8.375,1.625,2006-06-01,0.526,-0.12757395,1.04,NA,13.94,192.4128,61.4344,NA,NA,"El Nino",NA,0.0106666666666655,NA,0.17285231,0.18012063,0.309274,0.0235695,0.124759
2006,"MAR",9,6,3,2006-03-01,-0.521,-0.7099621,0.05,11.381,10.19,-35.8389,-137.562,2.00431,5.313298,"La Nina",0.114000000000001,0.0686428571428568,NA,0.1648517,0.08759804,0.309274,0.0235695,0.124759
2006,"MAY",13,14.25,-1.25,2006-05-01,0.045,-0.12235165,0.48,NA,11.919,187.2317,43.0901,NA,NA,"El Nino",NA,-0.439466666666666,NA,-0.011294496,-0.62506664,0.309274,0.0235695,0.124759
2006,"NOV",7,4.53333333333333,2.46666666666667,2006-11-01,1.297,-0.99574655,-0.22,13.124,11.509,15.5851,-163.2999,-0.45258,5.921389,"El Nino",0.224461538461538,-0.683,NA,0.6212466,-0.23804815,0.309274,0.0235695,0.124759
2006,"OCT",4,4.93333333333333,-0.933333333333334,2006-10-01,0.976,-1.0489801,-0.05,13.379,11.106,97.2565,29.4158,-2.95789,-2.59973,"El Nino",0.354923076923077,-2.1618,NA,-0.110523306,0.04267824,0.309274,0.0235695,0.124759
2006,"SEP",9,6.33333333333333,2.66666666666667,2006-09-01,0.84,-0.33968976,-0.94,11.585,13.387,157.4348,31.782,-4.38055,-2.405323,"El Nino",-1.26525,-0.292466666666666,NA,0.110138156,0.35584894,0.309274,0.0235695,0.124759
2007,"APR",6,7.625,-1.625,2007-04-01,0.026,0.26061866,0.16,10.126,10.51,132.0192,-2.7801,-4.73315,0.688811,"El Nino",-0.800384615384615,-0.203733333333334,NA,-0.316228,0.19578268,0.0719958,0.161659,0.285407
2007,"AUG",10,12,-2,2007-08-01,-0.427,1.4399076,0.5,14.174,14.64,120.0857,29.5966,-3.0873,-2.450875,"La Nina",1.628,1.4864,NA,0.00027,0.034647066,0.0719958,0.161659,0.285407
2007,"DEC",3,4.06666666666667,-1.06666666666667,2007-12-01,-1.178,0.45784405,-0.58,10.493,NA,-21.7387,-163.8282,-1.07594,NA,"La Nina",-1.68923076923077,NA,NA,-0.49321,0.17636,0.0719958,0.161659,0.285407
2007,"FEB",5,4.4375,0.5625,2007-02-01,0.537,-0.13660997,0.04,11.012,9.561,29.024,-65.2927,0.11124,4.288209,"El Nino",-0.310846153846153,-0.649153846153846,NA,-0.06358727,0.5210087,0.0719958,0.161659,0.285407
2007,"JAN",7,4.875,2.125,2007-01-01,0.985,-0.4117224,0.01,10.82,9.697,90.2147,-13.8375,-4.66366,1.256797,"El Nino",-0.753230769230768,-0.709142857142858,NA,-0.001061574,0.15897083,0.0719958,0.161659,0.285407
2007,"JUL",18,16.6875,1.3125,2007-07-01,-0.247,1.2289858,0.78,NA,16.177,148.4023,28.2431,NA,-1.219459,"La Nina",NA,2.453125,NA,-0.1244389,0.13714047,0.0719958,0.161659,0.285407
2007,"JUN",10,8.375,1.625,2007-06-01,-0.155,1.2324307,0.09,10.749,14.055,209.1233,14.1568,-5.58815,-1.159497,"La Nina",-0.0702307692307684,0.125666666666666,NA,-0.15863824,0.31537563,0.0719958,0.161659,0.285407
2007,"MAR",3,6,-3,2007-03-01,0.125,-0.54892534,-0.36,10.793,10.042,115.9049,-13.1684,-4.16969,2.198372,"El Nino",-0.474,-0.0793571428571429,NA,-0.15655942,-0.25452697,0.0719958,0.161659,0.285407
2007,"MAY",9,14.25,-5.25,2007-05-01,0.348,0.6913841,-0.1,10.109,11.412,185.3527,48.9892,-5.34845,-3.941081,"El Nino",-0.710916666666668,-0.946466666666666,NA,-0.2620769,0.11040278,0.0719958,0.161659,0.285407
2007,"NOV",1,4.53333333333333,-3.53333333333333,2007-11-01,-1.149,0.72844106,-1.08,12.049,11.136,63.5586,-43.6681,-2.07503,0.159414,"La Nina",-0.850538461538463,-1.056,NA,-0.31537005,-0.13489814,0.0719958,0.161659,0.285407
2007,"OCT",9,4.93333333333333,4.06666666666667,2007-10-01,-1.204,1.2687833,-1.45,13.274,12.212,57.4057,-42.943,-1.72113,1.502561,"La Nina",0.249923076923077,-1.0558,NA,0.019554475,-0.2567051,0.0719958,0.161659,0.285407
2007,"SEP",2,6.33333333333333,-4.33333333333333,2007-09-01,-1.175,0.9092681,-0.36,13.545,13.088,91.8116,20.4129,-2.55097,-1.815342,"La Nina",0.694749999999999,-0.591466666666667,NA,0.19364926,0.08294895,0.0719958,0.161659,0.285407
2008,"APR",10,7.625,2.375,2008-04-01,-0.858,1.3959782,-1.52,9.3,9.331,130.2347,7.7472,-4.22837,-0.312117,"La Nina",-1.62638461538461,-1.38273333333333,NA,-0.27467245,0.68869936,0.0419517,0.200486,0.126399
2008,"AUG",8,12,-4,2008-08-01,-0.252,2.143588,-1.7,11.691,14.703,182.9806,16.3969,-4.88441,-1.549057,"La Nina",-0.854999999999999,1.5494,NA,-0.21075602,0.21896929,0.0419517,0.200486,0.126399
2008,"DEC",4,4.06666666666667,-0.0666666666666664,2008-12-01,-0.646,0.44929096,-0.87,11.521,10.66,30.4274,-50.8548,-1.48116,1.408,"La Nina",-0.661230769230768,-0.406357142857143,NA,0.19353445,0.11592667,0.0419517,0.200486,0.126399
2008,"FEB",2,4.4375,-2.4375,2008-02-01,-1.371,1.1359497,-0.77,10.374,NA,16.4288,-31.9498,-2.22787,NA,"La Nina",-0.948846153846153,NA,NA,-0.24509282,0.09707535,0.0419517,0.200486,0.126399
2008,"JAN",3,4.875,-1.875,2008-01-01,-1.006,0.5557309,-1,10.322,NA,-38.7029,-99.0036,1.57984,NA,"La Nina",-1.25123076923077,NA,NA,NA,NA,0.0419517,0.200486,0.126399
2008,"JUL",24,16.6875,7.3125,2008-07-01,0.089,1.427494,-1.67,11.601,11.409,167.3208,48.9607,-4.68589,-3.360594,"El Nino",-0.53525,-2.314875,NA,-0.21425371,0.29765436,0.0419517,0.200486,0.126399
2008,"JUN",3,8.375,-5.375,2008-06-01,0.142,1.2788393,-1.34,9.242,12.283,288.121,42.7619,-6.68289,-3.081528,"El Nino",-1.57723076923077,-1.64633333333333,NA,-0.24245213,0.28202286,0.0419517,0.200486,0.126399
2008,"MAR",2,6,-4,2008-03-01,-1.552,1.3746045,-0.71,9.904,8.99,115.7752,-13.8064,-4.47245,2.011075,"La Nina",-1.363,-1.13135714285714,NA,-0.47198164,0.5498314,0.0419517,0.200486,0.126399
2008,"MAY",9,14.25,-5.25,2008-05-01,-0.345,1.7382507,-1.37,9.65,11.526,273.5483,37.2803,-6.30837,-3.025437,"La Nina",-1.16991666666667,-0.832466666666667,NA,-0.28076673,0.5636167,0.0419517,0.200486,0.126399
2008,"NOV",1,4.53333333333333,-3.53333333333333,2008-11-01,-0.584,1.9697901,-1.25,12.803,12.332,13.0659,-75.6299,-1.0675,2.964575,"La Nina",-0.0965384615384615,0.140000000000001,NA,-0.066586725,0.18053518,0.0419517,0.200486,0.126399
2008,"OCT",3,4.93333333333333,-1.93333333333333,2008-10-01,-0.681,1.7658828,-1.76,11.854,12.943,113.2343,-16.1913,-3.05457,-0.195547,"La Nina",-1.17007692307692,-0.3248,NA,-0.17875941,0.36873657,0.0419517,0.200486,0.126399
2008,"SEP",3,6.33333333333333,-3.33333333333333,2008-09-01,-0.545,2.2272398,-1.55,12.943,12.001,105.7112,32.7004,-2.39485,-2.869777,"La Nina",0.0927499999999988,-1.67846666666667,NA,-0.22064333,-0.07876216,0.0419517,0.200486,0.126399
2009,"APR",12,7.625,4.375,2009-04-01,-0.106,0.4162877,-1.65,9.141,9.634,170.7162,30.4379,-5.80819,-1.937552,"La Nina",-1.78538461538461,-1.07973333333333,NA,-0.38218355,0.53124934,0.00938998,0.138635,0.329128
2009,"AUG",16,12,4,2009-08-01,1.073,0.71791106,0.09,12.443,13.973,133.4058,24.0671,-4.17258,-1.901619,"El Nino",-0.103,0.8194,NA,-0.1348801,0.20311373,0.00938998,0.138635,0.329128
2009,"DEC",4,4.06666666666667,-0.0666666666666664,2009-12-01,1.059,1.0631177,0.08,11.455,10.341,-39.7486,-92.8179,0.98763,1.759623,"El Nino",-0.727230769230768,-0.725357142857144,NA,-0.07969333,0.20312667,0.00938998,0.138635,0.329128
2009,"FEB",4,4.4375,-0.4375,2009-02-01,-0.69,0.9093018,-1.55,10.497,8.989,-68.779,-51.4027,2.17288,1.243049,"La Nina",-0.825846153846154,-1.22115384615384,NA,-0.18166505,0.33072534,0.00938998,0.138635,0.329128
2009,"JAN",3,4.875,-1.875,2009-01-01,-0.714,0.7225751,-1.4,10.93,9.327,52.4224,-35.1876,-3.62911,0.513324,"La Nina",-0.643230769230769,-1.07914285714286,NA,-0.29455045,0.7900208,0.00938998,0.138635,0.329128
2009,"JUL",22,16.6875,5.3125,2009-07-01,1.06,0.56042695,-0.53,11.086,11.874,146.651,43.2202,-4.53831,-3.049328,"El Nino",-1.05025,-1.849875,NA,-0.19574817,0.11169602,0.00938998,0.138635,0.329128
2009,"JUN",6,8.375,-2.375,2009-06-01,0.751,0.37008104,-0.31,11.414,13.457,171.9553,37.1074,-4.77014,-2.28637,"El Nino",0.594769230769231,-0.472333333333333,NA,-0.17485954,0.12787841,0.00938998,0.138635,0.329128
2009,"MAR",5,6,-1,2009-03-01,-0.705,0.3312593,-1.59,10.323,9.344,109.9466,-22.6698,-4.51882,1.356662,"La Nina",-0.943999999999999,-0.777357142857143,NA,-0.43533164,-0.13501863,0.00938998,0.138635,0.329128
2009,"MAY",3,14.25,-11.25,2009-05-01,0.326,0.5548924,-0.88,9.912,10.874,190.2336,3.2407,-4.39315,-1.883737,"El Nino",-0.907916666666667,-1.48446666666667,NA,-0.29684356,0.62150276,0.00938998,0.138635,0.329128
2009,"NOV",1,4.53333333333333,-3.53333333333333,2009-11-01,1.134,1.0545827,-0.4,11.965,12.078,35.0817,-149.704,-2.02653,4.638881,"El Nino",-0.934538461538462,-0.114000000000001,NA,-0.2739534,-0.07613148,0.00938998,0.138635,0.329128
2009,"OCT",6,4.93333333333333,1.06666666666667,2009-10-01,0.924,1.1538724,0.27,11.948,13.045,76.372,-50.4866,-2.96371,1.116869,"El Nino",-1.07607692307692,-0.222799999999999,NA,-0.2724622,-0.28257176,0.00938998,0.138635,0.329128
2009,"SEP",11,6.33333333333333,4.66666666666667,2009-09-01,0.745,0.98406076,0.52,13.363,14.913,103.9553,2.7943,-4.17625,-0.816551,"El Nino",0.512749999999999,1.23353333333333,NA,-0.12686184,-0.30285105,0.00938998,0.138635,0.329128
2010,"APR",7,7.625,-0.625,2010-04-01,0.978,1.1785061,0.78,11.052,11.007,97.3965,-25.8335,-2.86111,0.955694,"El Nino",0.125615384615385,0.293266666666666,NA,0.33103868,-0.79605067,0.133465,0.115225,0.328019
2010,"AUG",7,12,-5,2010-08-01,-1.662,1.078559,-1.27,10.987,12.669,155.4346,30.9576,-4.94852,-3.149526,"La Nina",-1.559,-0.4846,NA,0.04281065,0.29550263,0.133465,0.115225,0.328019
2010,"FEB",4,4.4375,-0.4375,2010-02-01,1.526,1.838936,0.82,12.024,10.973,-81.4372,-107.134,1.2811,4.218236,"El Nino",0.701153846153845,0.762846153846155,NA,0.4008683,-0.66334134,0.133465,0.115225,0.328019
2010,"JAN",7,4.875,2.125,2010-01-01,1.066,2.062816,0.83,12.108,10.844,-183.2976,-238.7955,4.38785,6.528087,"El Nino",0.534769230769232,0.437857142857142,NA,NA,NA,0.133465,0.115225,0.328019
2010,"JUL",17,16.6875,0.3125,2010-07-01,-1.099,1.14574,-1.05,10.933,12.513,195.8654,60.2981,-2.75739,-5.553091,"La Nina",-1.20325,-1.210875,NA,0.09946018,0.24603769,0.133465,0.115225,0.328019
2010,"JUN",6,8.375,-2.375,2010-06-01,-0.228,1.2382194,-0.22,10.204,13.473,280.1967,15.0557,-6.73222,-3.357222,"La Nina",-0.615230769230768,-0.456333333333333,NA,0.33867565,0.22350064,0.133465,0.115225,0.328019
2010,"MAR",5,6,-1,2010-03-01,1.462,1.6534425,0.44,11.732,10.841,33.3549,-53.8908,-1.25935,2.578841,"El Nino",0.465,0.719642857142857,NA,0.2391739,0.037531372,0.133465,0.115225,0.328019
2010,"MAY",15,14.25,0.75,2010-05-01,0.658,1.8660371,0.62,10.131,11.98,127.5269,-11.505,-4.15121,-0.712769,"El Nino",-0.688916666666668,-0.378466666666666,NA,0.54334164,-0.18355277,0.133465,0.115225,0.328019
2010,"NOV",8,4.53333333333333,3.46666666666667,2010-11-01,-1.472,0.9877614,-0.82,12.109,12.084,64.1102,-77.927,-2.51564,2.10751,"La Nina",-0.790538461538462,-0.108000000000001,NA,-0.2110645,0.033368517,0.133465,0.115225,0.328019
2010,"OCT",5,4.93333333333333,0.0666666666666664,2010-10-01,-1.888,1.6057858,-1.06,11.667,13.085,57.4747,-77.5496,-0.8832,1.205108,"La Nina",-1.35707692307692,-0.182799999999999,NA,0.1355267,0.44057825,0.133465,0.115225,0.328019
2010,"SEP",6,6.33333333333333,-0.333333333333333,2010-09-01,-1.86,1.00388,-1.61,11.989,13.946,110.8307,-10.1919,-3.11194,0.184145,"La Nina",-0.86125,0.266533333333333,NA,0.007229825,0.23259895,0.133465,0.115225,0.328019
2011,"APR",17,7.625,9.375,2011-04-01,-1.387,0.596072,-0.42,NA,NA,114.2945,-22.2926,NA,-0.184798,"La Nina",NA,NA,NA,-0.24568911,0.7271327,0.234891,0.0312171,0.194404
2011,"AUG",9,12,-3,2011-08-01,-0.502,1.0362983,-1.74,11.647,12.512,197.724,33.9931,-5.23145,-3.100806,"La Nina",-0.898999999999999,-0.6416,NA,-0.18514676,-0.0193196,0.234891,0.0312171,0.194404
2011,"DEC",1,4.06666666666667,-3.06666666666667,2011-12-01,-0.945,0.13205332,-1.79,10.791,10.002,91.3103,-16.9226,-2.22298,-0.721237,"La Nina",-1.39123076923077,-1.06435714285714,NA,-0.12583221,0.28512666,0.234891,0.0312171,0.194404
2011,"FEB",6,4.4375,1.5625,2011-02-01,-1.544,0.5503248,-0.83,10.359,NA,54.7637,-51.1176,NA,0.644792,"La Nina",-0.963846153846154,NA,NA,0.033618286,0.5042753,0.234891,0.0312171,0.194404
2011,"JAN",6,4.875,1.125,2011-01-01,-1.719,0.3217816,-0.92,11.133,9.729,35.384,-55.1887,NA,2.077957,"La Nina",-0.440230769230769,-0.677142857142858,NA,-0.08677269,0.13725416,0.234891,0.0312171,0.194404
2011,"JUL",19,16.6875,2.3125,2011-07-01,-0.191,1.0352043,-1.86,13.857,14.796,220.3048,37.7367,-1.26364,-2.302742,"La Nina",1.72075,1.072125,NA,-0.08626483,0.48614603,0.234891,0.0312171,0.194404
2011,"JUN",16,8.375,7.625,2011-06-01,-0.003,1.113308,-0.69,NA,NA,249.7771,14.861,NA,NA,"La Nina",NA,NA,NA,-0.19728176,0.35330063,0.234891,0.0312171,0.194404
2011,"MAR",8,6,2,2011-03-01,-1.554,1.2027031,-0.69,NA,NA,-76.367,-177.7785,NA,6.117814,"La Nina",NA,NA,NA,-0.38765943,1.0504647,0.234891,0.0312171,0.194404
2011,"MAY",17,14.25,2.75,2011-05-01,-0.199,1.3946886,-0.37,NA,NA,131.2312,1.5001,NA,-1.704706,"La Nina",NA,NA,NA,-0.056186162,0.848925,0.234891,0.0312171,0.194404
2011,"NOV",3,4.53333333333333,-1.53333333333333,2011-11-01,-0.933,0.37422317,-2.33,12.074,12.011,-10.4267,-99.002,-1.48637,2.506863,"La Nina",-0.825538461538462,-0.181000000000001,NA,0.13765772,-0.006414815,0.234891,0.0312171,0.194404
2011,"OCT",4,4.93333333333333,-0.933333333333334,2011-10-01,-0.917,1.2043564,-1.34,13.231,14.467,72.4988,-24.1888,-3.01452,0.201752,"La Nina",0.206923076923077,1.1992,NA,0.04056003,0.037511572,0.234891,0.0312171,0.194404
2011,"SEP",9,6.33333333333333,2.66666666666667,2011-09-01,-0.751,1.3279155,-1.79,12.031,12.161,119.9296,-13.6628,-2.41569,-0.328194,"La Nina",-0.81925,-1.51846666666667,NA,-0.18072183,0.5062289,0.234891,0.0312171,0.194404
2012,"APR",8,7.625,0.375,2012-04-01,0.11,1.9261199,-0.27,10.913,10.011,55.0543,-42.6088,-1.4185,NA,"El Nino",-0.0133846153846147,-0.702733333333335,NA,0.10566089,0.022732679,0.263308,0.0227416,0.150633
2012,"AUG",17,12,5,2012-08-01,0.628,1.7304645,-1.93,11.317,12.966,238.5427,50.7874,-4.16344,-1.900482,"El Nino",-1.229,-0.187600000000002,NA,-0.18513009,0.46974707,0.263308,0.0227416,0.150633
2012,"DEC",9,4.06666666666667,4.93333333333333,2012-12-01,0.111,1.200031,-0.48,12.559,11.345,-52.2983,-149.6142,-0.77497,4.464825,"El Nino",0.376769230769231,0.278642857142858,NA,0.19657889,-0.15317333,0.263308,0.0227416,0.150633
2012,"FEB",6,4.4375,1.5625,2012-02-01,-0.675,0.86268306,-0.85,10.327,9.168,78.4905,-74.96,-3.8569,2.395402,"La Nina",-0.995846153846154,-1.04215384615385,NA,-0.0363206,1.014542,0.263308,0.0227416,0.150633
2012,"JAN",3,4.875,-1.875,2012-01-01,-0.98,0.833666,-1.38,10.922,9.178,-8.3258,-126.6921,-1.25728,3.331843,"La Nina",-0.651230769230768,-1.22814285714286,NA,-0.002300463,0.9918708,0.263308,0.0227416,0.150633
2012,"JUL",20,16.6875,3.3125,2012-07-01,1.128,1.8603463,-1.52,11.087,15.294,301.0382,48.4199,-5.46384,NA,"El Nino",-1.04925,1.570125,NA,-0.15865742,0.4745738,0.263308,0.0227416,0.150633
2012,"JUN",20,8.375,11.625,2012-06-01,0.842,1.9381592,-0.87,10.589,14.278,294.7062,1.6712,-5.4425,NA,"El Nino",-0.230230769230769,0.348666666666666,NA,-0.19906694,0.5314562,0.263308,0.0227416,0.150633
2012,"MAR",6,6,0,2012-03-01,-0.382,1.116866,-1.05,9.882,8.743,-61.8093,-155.1543,0.91213,NA,"La Nina",-1.385,-1.37835714285714,NA,-0.09529831,0.94226474,0.263308,0.0227416,0.150633
2012,"MAY",30,14.25,15.75,2012-05-01,0.757,1.6273782,-1.26,10.019,11.395,273.2722,25.7427,-6.31696,NA,"El Nino",-0.800916666666668,-0.963466666666667,NA,-0.19313616,0.348425,0.263308,0.0227416,0.150633
2012,"NOV",8,4.53333333333333,3.46666666666667,2012-11-01,0.141,1.4016486,-0.59,14.626,12.167,-91.4321,-152.2584,0.79026,4.90533,"El Nino",1.72646153846154,-0.0250000000000004,NA,0.29016328,-0.34003147,0.263308,0.0227416,0.150633
2012,"OCT",4,4.93333333333333,-0.933333333333334,2012-10-01,0.097,1.8664157,-0.79,14.165,11.551,42.7518,-33.4579,-1.4832,2.511989,"El Nino",1.14092307692308,-1.7168,NA,-0.16333441,-0.18908842,0.263308,0.0227416,0.150633
2012,"SEP",8,6.33333333333333,1.66666666666667,2012-09-01,0.351,1.3583578,-2.21,12.135,12.384,165.7925,48.6698,-3.0025,-2.835833,"El Nino",-0.715250000000001,-1.29546666666667,NA,-0.19288406,0.14492673,0.263308,0.0227416,0.150633
2013,"APR",9,7.625,1.375,2013-04-01,0.09,0.4762448,-0.16,10.01,10.195,279.8581,3.4779,-5.89819,-1.764485,"El Nino",-0.916384615384615,-0.518733333333333,NA,-0.2253354,0.779916,0.168133,0.156574,0.119698
2013,"AUG",12,12,0,2013-08-01,-0.466,0.5616566,-1.04,13.171,13.127,113.235,17.1726,-2.43455,-0.885965,"La Nina",0.625,-0.0266000000000002,NA,-0.24445231,0.28051373,0.168133,0.156574,0.119698
2013,"DEC",5,4.06666666666667,0.933333333333334,2013-12-01,-0.234,-1.4515896,-0.41,11.288,9.538,104.3454,3.2036,-4.08395,-0.686828,"La Nina",-0.894230769230768,-1.52835714285714,NA,0.17200111,-0.12054,0.168133,0.156574,0.119698
2013,"FEB",2,4.4375,-2.4375,2013-02-01,-0.068,1.2039313,-0.43,9.844,9.311,144.5721,-36.7524,-4.86533,0.689583,"La Nina",-1.47884615384615,-0.899153846153846,NA,-0.14146505,0.17180867,0.168133,0.156574,0.119698
2013,"JAN",5,4.875,0.125,2013-01-01,0.103,1.2306213,-0.13,10.82,9.898,59.4666,-20.9783,-3.30619,0.568775,"El Nino",-0.753230769230768,-0.508142857142857,NA,0.20405509,0.1300375,0.168133,0.156574,0.119698
2013,"JUL",13,16.6875,-3.6875,2013-07-01,-0.311,0.45131078,-1.25,11.352,11.758,288.5924,84.1982,-3.6358,-6.171371,"La Nina",-0.78425,-1.965875,NA,-0.1513315,-0.08110398,0.168133,0.156574,0.119698
2013,"JUN",7,8.375,-1.375,2013-06-01,-0.094,0.7265816,-0.78,11.037,14.174,265.8537,18.4203,-3.86778,-1.304868,"La Nina",0.217769230769232,0.244666666666665,NA,-0.1836225,0.46141174,0.168133,0.156574,0.119698
2013,"MAR",3,6,-3,2013-03-01,-0.026,0.64256865,-0.63,9.605,9.165,90.9275,-19.2453,-3.819,0.63782,"La Nina",-1.662,-0.956357142857144,NA,0.07114891,0.7242397,0.168133,0.156574,0.119698
2013,"MAY",13,14.25,-1.25,2013-05-01,0.205,0.8523294,0.08,10.91,11.733,183.9128,9.3158,-4.90175,0.115457,"El Nino",0.0900833333333324,-0.625466666666666,NA,-0.3075528,0.744825,0.168133,0.156574,0.119698
2013,"NOV",6,4.53333333333333,1.46666666666667,2013-11-01,-0.042,-0.804566,-0.11,12.924,11.609,63.6356,-29.1229,-2.31289,0.536857,"La Nina",0.0244615384615372,-0.583,NA,-0.15217562,0.22265185,0.168133,0.156574,0.119698
2013,"OCT",4,4.93333333333333,-0.933333333333334,2013-10-01,0.148,-0.14729041,-0.87,11.048,14.253,132.3365,15.8949,-4.47547,-3.436425,"El Nino",-1.97607692307692,0.985200000000001,NA,0.17976002,-0.15348843,0.168133,0.156574,0.119698
2013,"SEP",3,6.33333333333333,-3.33333333333333,2013-09-01,-0.125,0.38973394,-0.48,13.911,16.042,86.0489,-37.976,-2.42601,1.192157,"La Nina",1.06075,2.36253333333334,NA,-0.12317851,-0.033634383,0.168133,0.156574,0.119698
2014,"APR",6,7.625,-1.625,2014-04-01,0.295,-0.61755997,1.13,11.794,10.906,106.1267,-17.0369,-3.73805,0.282857,"El Nino",0.867615384615386,0.192266666666667,NA,-0.29551134,0.34304935,0.608195,0.359861,0.059999
2014,"AUG",22,12,10,2014-08-01,0.961,-0.54526097,0.67,13.608,11.742,182.7959,48.8752,-2.63937,-2.622581,"El Nino",1.062,-1.4116,NA,-0.100580096,0.2537304,0.608195,0.359861,0.059999
2014,"DEC",5,4.06666666666667,0.933333333333334,2014-12-01,0.566,-0.35602385,2.51,15.517,13.278,-86.6022,-135.3987,2.85882,NA,"El Nino",3.33476923076923,2.21164285714286,NA,0.09150111,-0.62050664,0.608195,0.359861,0.059999
2014,"FEB",7,4.4375,2.5625,2014-02-01,-0.259,-0.26691276,0.38,11.639,9.213,-31.3558,-100.9393,0.046,2.656845,"La Nina",0.316153846153846,-0.997153846153847,NA,-0.4038095,0.55032533,0.608195,0.359861,0.059999
2014,"JAN",7,4.875,2.125,2014-01-01,-0.27,-0.38970667,0.3,11.323,8.885,31.7515,-57.7257,-1.79445,0.930283,"La Nina",-0.250230769230768,-1.52114285714286,NA,-0.65610045,0.2440375,0.608195,0.359861,0.059999
2014,"JUL",24,16.6875,7.3125,2014-07-01,0.921,-0.13370799,0.7,13.143,12.842,220.6155,53.7198,-3.07665,-3.632392,"El Nino",1.00675,-0.881874999999999,NA,-0.103692606,0.24884602,0.608195,0.359861,0.059999
2014,"JUN",15,8.375,6.625,2014-06-01,1.046,-0.4166303,0.82,10.926,13.533,387.6814,36.4109,-5.99021,-3.188611,"El Nino",0.106769230769231,-0.396333333333335,NA,-0.17420769,0.12530063,0.608195,0.359861,0.059999
2014,"MAR",9,6,3,2014-03-01,0.018,-0.45373875,0.97,11.724,10.281,58.3447,-77.1942,-1.6011,2.579784,"El Nino",0.457000000000001,0.159642857142858,NA,-0.36348164,0.81229806,0.608195,0.359861,0.059999
2014,"MAY",22,14.25,7.75,2014-05-01,1.001,0.22740889,1.8,11.643,13.419,196.983,1.4276,-5.52287,-0.799034,"El Nino",0.823083333333333,1.06053333333333,NA,0.0976805,0.60634166,0.608195,0.359861,0.059999
2014,"NOV",3,4.53333333333333,-1.53333333333333,2014-11-01,0.773,0.3108105,1.72,15.797,13.786,-4.1322,-74.8184,-0.66177,NA,"El Nino",2.89746153846154,1.594,NA,0.32101327,-1.0650648,0.608195,0.359861,0.059999
2014,"OCT",9,4.93333333333333,4.06666666666667,2014-10-01,0.45,0.42413825,1.49,15.16,15.851,8.3674,-73.1466,-1.11007,2.247059,"El Nino",2.13592307692308,2.5832,NA,0.6234767,-0.6363218,0.608195,0.359861,0.059999
2014,"SEP",9,6.33333333333333,2.66666666666667,2014-09-01,0.593,-0.7770938,1.08,15.655,15.629,94.305,6.1141,-0.51624,-0.264167,"El Nino",2.80475,1.94953333333333,NA,0.19031964,0.063304506,0.608195,0.359861,0.059999
2015,"APR",9,7.625,1.375,2015-04-01,0.916,-1.3788626,1.44,10.997,10.681,173.3118,12.0515,-4.65509,-1.160793,"El Nino",0.070615384615385,-0.0327333333333346,NA,0.5910998,-1.130984,0.544955,0.0921354,0.0154068
2015,"AUG",21,12,9,2015-08-01,2.365,-1.9279137,1.56,NA,14.613,94.2675,21.8045,NA,-2.1631,"El Nino",NA,1.4594,NA,0.3908662,-0.40785292,0.544955,0.0921354,0.0154068
2015,"FEB",3,4.4375,-1.4375,2015-02-01,0.464,-1.2735983,2.3,NA,12.272,-58.9713,-59.9299,NA,NA,"El Nino",NA,2.06184615384615,NA,0.2005294,-0.83999133,0.544955,0.0921354,0.0154068
2015,"JAN",2,4.875,-2.875,2015-01-01,0.417,-0.55092806,2.45,NA,12.377,24.25,-52.9522,NA,NA,"El Nino",NA,1.97085714285714,NA,0.040758796,-0.5389847,0.544955,0.0921354,0.0154068
2015,"JUL",21,16.6875,4.3125,2015-07-01,1.987,-1.474117,1.84,13.871,15.103,129.4533,41.7381,-1.80329,-2.686903,"El Nino",1.73475,1.379125,NA,0.4877685,0.07100713,0.544955,0.0921354,0.0154068
2015,"JUN",3,8.375,-5.375,2015-06-01,2.097,-1.2495428,1.54,11.78,12.536,243.1799,70.4342,-3.76146,-5.366901,"El Nino",0.96076923076923,-1.39333333333333,NA,0.22823305,0.05997841,0.544955,0.0921354,0.0154068
2015,"MAR",6,6,0,2015-03-01,0.614,-1.3956342,2,12.538,11.265,76.1593,-24.8102,-3.30116,NA,"El Nino",1.271,1.14364285714286,NA,0.41234612,-0.731752,0.544955,0.0921354,0.0154068
2015,"MAY",14,14.25,-0.25,2015-05-01,1.583,-0.7200374,1.2,10.547,12.681,200.4047,43.5523,-4.97258,-5.491542,"El Nino",-0.272916666666667,0.322533333333332,NA,0.36356384,-0.17110834,0.544955,0.0921354,0.0154068
2015,"NOV",11,4.53333333333333,6.46666666666667,2015-11-01,2.3,-2.253835,0.86,13.157,13.315,52.0574,-46.6197,-2.88653,1.748675,"El Nino",0.257461538461538,1.123,NA,0.38900217,-1.1382482,0.544955,0.0921354,0.0154068
2015,"OCT",8,4.93333333333333,3.06666666666667,2015-10-01,2.256,-1.3069408,1.47,16.107,14.604,78.3482,-27.3152,-1.84274,1.552459,"El Nino",3.08292307692308,1.3362,NA,0.79912114,-1.0839218,0.544955,0.0921354,0.0154068
2015,"SEP",10,6.33333333333333,3.66666666666667,2015-09-01,2.532,-2.1044993,1.94,NA,15.323,137.5872,19.1384,NA,-2.052825,"El Nino",NA,1.64353333333333,NA,0.60014373,-0.9597677,0.544955,0.0921354,0.0154068
2016,"APR",7,7.625,-0.625,2016-04-01,2.094,-0.40044832,2.62,12.004,12.59,115.8,-10.0043,-3.40319,-0.908217,"El Nino",1.07761538461538,1.87626666666667,NA,0.56640166,-1.4349062,0.450263,0.0479869,0.0265565
2016,"AUG",13,12,1,2016-08-01,0.186,-0.54382825,0.52,NA,12.62,184.2546,46.4062,-2.02285,-3.139538,"El Nino",NA,-0.533600000000002,NA,0.29760325,-0.7941863,0.450263,0.0479869,0.0265565
2016,"DEC",10,4.06666666666667,5.93333333333333,2016-12-01,-0.11,-1.5408496,1.17,NA,12.277,29.805,-32.8953,-2.37231,1.098652,"La Nina",NA,1.21064285714286,NA,0.1669789,-0.8905067,0.450263,0.0479869,0.0265565
2016,"FEB",5,4.4375,0.5625,2016-02-01,2.17,0.22869466,1.75,13.222,11.417,9.8482,-106.2491,-1.11443,4.731079,"El Nino",1.89915384615385,1.20684615384615,NA,0.36964607,-1.2009913,0.450263,0.0479869,0.0265565
2016,"JAN",8,4.875,3.125,2016-01-01,2.216,0.9376462,1.53,12.892,11.412,-156.9814,-205.1295,3.99288,5.763612,"El Nino",1.31876923076923,1.00585714285714,NA,0.02268287,-1.1446959,0.450263,0.0479869,0.0265565
2016,"JUL",19,16.6875,2.3125,2016-07-01,0.354,-0.48700547,1.25,NA,15.132,289.3337,34.9409,-4.74274,-4.633129,"El Nino",NA,1.408125,NA,0.46370184,-0.62877065,0.450263,0.0479869,0.0265565
2016,"JUN",9,8.375,0.625,2016-06-01,1.053,-0.95813125,2.03,11.631,14.251,247.456,34.5632,-4.71903,NA,"El Nino",0.811769230769231,0.321666666666665,NA,0.53249604,-0.63282156,0.450263,0.0479869,0.0265565
2016,"MAR",16,6,10,2016-03-01,1.963,0.4720812,2.4,12.984,11.554,-7.3882,-160.3328,0.07782,4.019515,"El Nino",1.717,1.43264285714286,NA,0.32489982,-1.335702,0.450263,0.0479869,0.0265565
2016,"MAY",8,14.25,-6.25,2016-05-01,1.752,-0.6821762,2.35,11.584,13.303,210.3533,41.3099,-3.36398,-4.995475,"El Nino",0.764083333333332,0.944533333333334,NA,0.806075,-1.4637583,0.450263,0.0479869,0.0265565
2016,"NOV",4,4.53333333333333,-0.533333333333333,2016-11-01,-0.197,1.159299,1.88,NA,14.035,-46.9122,-151.1882,0.49499,6.117837,"La Nina",NA,1.843,NA,0.5508355,-1.0044814,0.450263,0.0479869,0.0265565
2016,"OCT",11,4.93333333333333,6.06666666666667,2016-10-01,-0.363,0.3520168,0.56,NA,13.671,-47.1461,-175.1886,1.49704,6.348707,"La Nina",NA,0.4032,NA,0.30989337,-0.35280508,0.450263,0.0479869,0.0265565
2016,"SEP",10,6.33333333333333,3.66666666666667,2016-09-01,-0.091,-0.7735456,0.45,NA,14.09,176.6932,19.2961,-4.36694,-2.378571,"La Nina",NA,0.410533333333333,NA,0.41451037,-0.95858437,0.450263,0.0479869,0.0265565
2017,"APR",7,7.625,-0.625,2017-04-01,0.744,-0.11361968,1.12,NA,10.758,42.8793,-75.3473,-0.99819,3.310848,"El Nino",NA,0.0442666666666653,NA,0.5598331,-1.3875173,0.357637,0.0151836,0.0400024
2017,"AUG",10,12,-2,2017-08-01,0.027,-0.27865458,0.09,NA,12.11,176.8397,37.463,-2.83387,-2.872446,"El Nino",NA,-1.0436,NA,0.13148102,0.37451375,0.357637,0.0151836,0.0400024
2017,"DEC",3,4.06666666666667,-1.06666666666667,2017-12-01,-0.576,-2.7983775,0.5,NA,11.183,48.5644,-31.303,-2.38965,0.67621,"La Nina",NA,0.116642857142857,NA,-0.11643778,-0.30527332,0.357637,0.0151836,0.0400024
2017,"FEB",6,4.4375,1.5625,2017-02-01,-0.043,-0.6709852,0.7,NA,10.462,-86.3895,-86.7601,2.05074,2.463244,"La Nina",NA,0.251846153846154,NA,0.19012384,-1.1922469,0.357637,0.0151836,0.0400024
2017,"JAN",5,4.875,0.125,2017-01-01,-0.052,-0.2667852,0.77,NA,10.361,-88.3785,-102.5382,1.41882,3.032974,"La Nina",NA,-0.0451428571428565,NA,-0.08867824,-1.1446959,0.357637,0.0151836,0.0400024
2017,"JUL",12,16.6875,-4.6875,2017-07-01,0.461,-0.14672896,0.1,NA,13.586,325.4934,45.0446,-5.09704,-4.42235,"El Nino",NA,-0.137874999999999,NA,0.25764072,-0.360254,0.357637,0.0151836,0.0400024
2017,"JUN",15,8.375,6.625,2017-06-01,1.039,-0.2239184,0.79,NA,14.282,257.5276,19.9796,-4.57403,-1.812535,"El Nino",NA,0.352666666666666,NA,0.7058812,-1.207666,0.357637,0.0151836,0.0400024
2017,"MAR",12,6,6,2017-03-01,-0.08,-0.894669,0.74,NA,10.391,18.6764,-75.3881,-1.03535,4.642915,"La Nina",NA,0.269642857142857,NA,0.45952946,-1.335702,0.357637,0.0151836,0.0400024
2017,"MAY",22,14.25,7.75,2017-05-01,1.445,-0.5071737,0.88,NA,12.232,266.4127,20.2086,-4.88343,-2.798039,"El Nino",NA,-0.126466666666667,NA,0.35043052,-1.579575,0.357637,0.0151836,0.0400024
2017,"NOV",3,4.53333333333333,-1.53333333333333,2017-11-01,-0.277,-2.1840963,0.15,NA,11.871,-46.8973,-165.7943,1.37389,5.365417,"La Nina",NA,-0.321,NA,0.14730217,0.35858518,0.357637,0.0151836,0.0400024
2017,"OCT",2,4.93333333333333,-2.93333333333333,2017-10-01,-0.551,-1.4277744,0.05,NA,13.286,148.1583,-21.0386,-3.9789,-0.950269,"La Nina",NA,0.0182000000000002,NA,0.25896004,0.19372824,0.357637,0.0151836,0.0400024
2017,"SEP",5,6.33333333333333,-1.33333333333333,2017-09-01,-0.449,-0.5009289,0.32,NA,13.378,108.3392,14.8344,-2.73819,-1.130972,"La Nina",NA,-0.301466666666666,NA,0.101832606,-0.33511773,0.357637,0.0151836,0.0400024
