"Year.of.Observation","Month.of.Observation","Cetacean.Common.Name","cnt_all","mean_all","strand_anom_all","Date","MEI","NPGO","PDO","SST_39","SST_44","Upwelling_39","Upwelling_45","Wind_39","Wind_44","ENSO_cat","SST_39_anom","SST_44_anom"
2003,"APR","Gray whale",1,2.14285714285714,-1.14285714285714,2003-04-01,0.413,1.1017216,1.18,11.366,10.828,-1.0366,-48.7164,0.64375,2.935097,"El Nino",0.439615384615385,0.114266666666666
2003,"APR","Harbor porpoise",1,4.86666666666667,-3.86666666666667,2003-04-01,0.413,1.1017216,1.18,11.366,10.828,-1.0366,-48.7164,0.64375,2.935097,"El Nino",0.439615384615385,0.114266666666666
2003,"AUG","Dalls porpoise",1,1.33333333333333,-0.333333333333333,2003-08-01,0.329,0.78228796,0.88,13.356,13.115,156.1878,45.5069,-2.37873,-2.412027,"El Nino",0.81,-0.0386000000000006
2003,"AUG","Unidentified",2,1.14285714285714,0.857142857142857,2003-08-01,0.329,0.78228796,0.88,13.356,13.115,156.1878,45.5069,-2.37873,-2.412027,"El Nino",0.81,-0.0386000000000006
2003,"AUG","Harbor porpoise",2,9.33333333333333,-7.33333333333333,2003-08-01,0.329,0.78228796,0.88,13.356,13.115,156.1878,45.5069,-2.37873,-2.412027,"El Nino",0.81,-0.0386000000000006
2003,"AUG","Bairds beaked whale",1,1,0,2003-08-01,0.329,0.78228796,0.88,13.356,13.115,156.1878,45.5069,-2.37873,-2.412027,"El Nino",0.81,-0.0386000000000006
2003,"DEC","Humpback whale",1,1,0,2003-12-01,0.362,0.22437689,0.33,12.099,11.141,-112.8844,-224.4759,2.57534,4.671739,"El Nino",-0.0832307692307683,0.074642857142857
2003,"FEB","Northern right whale dolphin",1,1,0,2003-02-01,0.944,0.9925656,1.75,12.206,10.623,62.8981,-6.7659,-2.50208,-1.016269,"El Nino",0.883153846153846,0.412846153846154
2003,"FEB","Stejnegers beaked whale",1,1,0,2003-02-01,0.944,0.9925656,1.75,12.206,10.623,62.8981,-6.7659,-2.50208,-1.016269,"El Nino",0.883153846153846,0.412846153846154
2003,"FEB","Dalls porpoise",2,1.5,0.5,2003-02-01,0.944,0.9925656,1.75,12.206,10.623,62.8981,-6.7659,-2.50208,-1.016269,"El Nino",0.883153846153846,0.412846153846154
2003,"JAN","Minke whale",1,1,0,2003-01-01,1.214,1.9691832,2.09,12.473,11.114,-117.2062,-182.9613,2.10768,4.589488,"El Nino",0.899769230769232,0.707857142857144
2003,"JAN","Bairds beaked whale",1,1,0,2003-01-01,1.214,1.9691832,2.09,12.473,11.114,-117.2062,-182.9613,2.10768,4.589488,"El Nino",0.899769230769232,0.707857142857144
2003,"JUL","Harbor porpoise",10,15.2,-5.2,2003-07-01,0.178,1.2024409,0.96,10.35,13.854,283.0269,52.1439,-3.95479,-3.902294,"El Nino",-1.78625,0.130125
2003,"JUL","Unidentified",1,1.25,-0.25,2003-07-01,0.178,1.2024409,0.96,10.35,13.854,283.0269,52.1439,-3.95479,-3.902294,"El Nino",-1.78625,0.130125
2003,"JUL","Gray whale",2,1.57142857142857,0.428571428571429,2003-07-01,0.178,1.2024409,0.96,10.35,13.854,283.0269,52.1439,-3.95479,-3.902294,"El Nino",-1.78625,0.130125
2003,"JUL","Dalls porpoise",1,1.6,-0.6,2003-07-01,0.178,1.2024409,0.96,10.35,13.854,283.0269,52.1439,-3.95479,-3.902294,"El Nino",-1.78625,0.130125
2003,"JUN","Harbor porpoise",3,6,-3,2003-06-01,0.107,0.77769154,0.68,10.304,13.314,346.5649,60.6662,-3.33597,-3.996523,"El Nino",-0.515230769230769,-0.615333333333334
2003,"JUN","Unidentified",2,1.16666666666667,0.833333333333333,2003-06-01,0.107,0.77769154,0.68,10.304,13.314,346.5649,60.6662,-3.33597,-3.996523,"El Nino",-0.515230769230769,-0.615333333333334
2003,"JUN","Gray whale",1,2.22222222222222,-1.22222222222222,2003-06-01,0.107,0.77769154,0.68,10.304,13.314,346.5649,60.6662,-3.33597,-3.996523,"El Nino",-0.515230769230769,-0.615333333333334
2003,"MAR","Sperm whale",1,1.25,-0.25,2003-03-01,0.83,1.4907115,1.51,11.657,10.547,-13.983,-146.866,-1.58735,4.627126,"El Nino",0.390000000000001,0.425642857142858
2003,"MAR","Harbor porpoise",2,3.46153846153846,-1.46153846153846,2003-03-01,0.83,1.4907115,1.51,11.657,10.547,-13.983,-146.866,-1.58735,4.627126,"El Nino",0.390000000000001,0.425642857142858
2003,"MAR","Striped dolphin",1,2.2,-1.2,2003-03-01,0.83,1.4907115,1.51,11.657,10.547,-13.983,-146.866,-1.58735,4.627126,"El Nino",0.390000000000001,0.425642857142858
2003,"MAY","Pacific white-sided dolphin",1,1.25,-0.25,2003-05-01,0.214,0.9192588,0.89,10.437,12.669,266.3612,26.8439,-4.61815,-2.649194,"El Nino",-0.382916666666668,0.310533333333334
2003,"MAY","Dalls porpoise",1,1.83333333333333,-0.833333333333333,2003-05-01,0.214,0.9192588,0.89,10.437,12.669,266.3612,26.8439,-4.61815,-2.649194,"El Nino",-0.382916666666668,0.310533333333334
2003,"MAY","Gray whale",1,2.83333333333333,-1.83333333333333,2003-05-01,0.214,0.9192588,0.89,10.437,12.669,266.3612,26.8439,-4.61815,-2.649194,"El Nino",-0.382916666666668,0.310533333333334
2003,"MAY","Harbor porpoise",15,10,5,2003-05-01,0.214,0.9192588,0.89,10.437,12.669,266.3612,26.8439,-4.61815,-2.649194,"El Nino",-0.382916666666668,0.310533333333334
2003,"NOV","Dalls porpoise",1,1.33333333333333,-0.333333333333333,2003-11-01,0.584,-0.11436786,0.52,11.894,11.731,-46.241,-84.0395,0.07611,1.895271,"El Nino",-1.00553846153846,-0.461
2003,"NOV","Pacific white-sided dolphin",1,1,0,2003-11-01,0.584,-0.11436786,0.52,11.894,11.731,-46.241,-84.0395,0.07611,1.895271,"El Nino",-1.00553846153846,-0.461
2003,"NOV","Harbor porpoise",1,2.36363636363636,-1.36363636363636,2003-11-01,0.584,-0.11436786,0.52,11.894,11.731,-46.241,-84.0395,0.07611,1.895271,"El Nino",-1.00553846153846,-0.461
2003,"OCT",NA,1,1,0,2003-10-01,0.534,1.286991,0.83,12.176,13.157,55.2387,-87.169,-3.66366,1.230148,"El Nino",-0.848076923076922,-0.110799999999999
2003,"SEP","Other",1,1,0,2003-09-01,0.492,0.8692253,0.01,12.329,11.635,165.3744,41.3239,-2.20912,-1.869425,"El Nino",-0.52125,-2.04446666666667
2004,"APR","Harbor porpoise",3,4.86666666666667,-1.86666666666667,2004-04-01,0.358,0.1252492,0.57,11.426,11.102,72.016,-14.7112,-2.7242,-1.285933,"El Nino",0.499615384615385,0.388266666666667
2004,"APR","Gray whale",1,2.14285714285714,-1.14285714285714,2004-04-01,0.358,0.1252492,0.57,11.426,11.102,72.016,-14.7112,-2.7242,-1.285933,"El Nino",0.499615384615385,0.388266666666667
2004,"AUG","Unidentified",1,1.14285714285714,-0.142857142857143,2004-08-01,0.639,0.68538326,0.85,13.795,14.213,72.9484,16.437,-2.0461,-1.689785,"El Nino",1.249,1.0594
2004,"AUG","Dalls porpoise",2,1.33333333333333,0.666666666666667,2004-08-01,0.639,0.68538326,0.85,13.795,14.213,72.9484,16.437,-2.0461,-1.689785,"El Nino",1.249,1.0594
2004,"AUG","Harbor porpoise",3,9.33333333333333,-6.33333333333333,2004-08-01,0.639,0.68538326,0.85,13.795,14.213,72.9484,16.437,-2.0461,-1.689785,"El Nino",1.249,1.0594
2004,"AUG","Striped dolphin",1,1,0,2004-08-01,0.639,0.68538326,0.85,13.795,14.213,72.9484,16.437,-2.0461,-1.689785,"El Nino",1.249,1.0594
2004,"DEC","Unidentified",1,1.33333333333333,-0.333333333333333,2004-12-01,0.684,-0.98521197,-0.17,12.197,10.429,3.9906,-81.3434,0.86465,2.255172,"El Nino",0.0147692307692306,-0.637357142857143
2004,"FEB","Unidentified",1,1,0,2004-02-01,0.37,0.6672296,0.48,11.51,10.21,-97.0808,-143.5233,1.29381,2.592219,"El Nino",0.187153846153846,-0.000153846153844839
2004,"FEB","Harbor porpoise",2,2.61538461538462,-0.615384615384615,2004-02-01,0.37,0.6672296,0.48,11.51,10.21,-97.0808,-143.5233,1.29381,2.592219,"El Nino",0.187153846153846,-0.000153846153844839
2004,"FEB","Humpback whale",1,1,0,2004-02-01,0.37,0.6672296,0.48,11.51,10.21,-97.0808,-143.5233,1.29381,2.592219,"El Nino",0.187153846153846,-0.000153846153844839
2004,"FEB","Striped dolphin",1,2.5,-1.5,2004-02-01,0.37,0.6672296,0.48,11.51,10.21,-97.0808,-143.5233,1.29381,2.592219,"El Nino",0.187153846153846,-0.000153846153844839
2004,"FEB","Dalls porpoise",2,1.5,0.5,2004-02-01,0.37,0.6672296,0.48,11.51,10.21,-97.0808,-143.5233,1.29381,2.592219,"El Nino",0.187153846153846,-0.000153846153844839
2004,"JAN","Unidentified",1,1.42857142857143,-0.428571428571429,2004-01-01,0.332,0.26501486,0.43,11.756,10.46,-81.5002,-191.8991,0.63042,3.428312,"El Nino",0.182769230769232,0.0538571428571437
2004,"JAN","Harbor porpoise",1,2.5,-1.5,2004-01-01,0.332,0.26501486,0.43,11.756,10.46,-81.5002,-191.8991,0.63042,3.428312,"El Nino",0.182769230769232,0.0538571428571437
2004,"JAN","Sperm whale",1,1,0,2004-01-01,0.332,0.26501486,0.43,11.756,10.46,-81.5002,-191.8991,0.63042,3.428312,"El Nino",0.182769230769232,0.0538571428571437
2004,"JAN","Northern right whale dolphin",1,1,0,2004-01-01,0.332,0.26501486,0.43,11.756,10.46,-81.5002,-191.8991,0.63042,3.428312,"El Nino",0.182769230769232,0.0538571428571437
2004,"JAN","Gray whale",1,1.11111111111111,-0.111111111111111,2004-01-01,0.332,0.26501486,0.43,11.756,10.46,-81.5002,-191.8991,0.63042,3.428312,"El Nino",0.182769230769232,0.0538571428571437
2004,"JAN","Dalls porpoise",1,1,0,2004-01-01,0.332,0.26501486,0.43,11.756,10.46,-81.5002,-191.8991,0.63042,3.428312,"El Nino",0.182769230769232,0.0538571428571437
2004,"JUL","Humpback whale",1,1,0,2004-07-01,0.574,0.41156805,0.44,13.308,14.649,99.76,40.3652,-2.92668,-3.062382,"El Nino",1.17175,0.925125
2004,"JUL","Harbor porpoise",14,15.2,-1.2,2004-07-01,0.574,0.41156805,0.44,13.308,14.649,99.76,40.3652,-2.92668,-3.062382,"El Nino",1.17175,0.925125
2004,"JUL","Dalls porpoise",3,1.6,1.4,2004-07-01,0.574,0.41156805,0.44,13.308,14.649,99.76,40.3652,-2.92668,-3.062382,"El Nino",1.17175,0.925125
2004,"JUN","Bottlenose dolphin",1,1,0,2004-06-01,0.315,0.7764751,0.04,10.602,14.947,188.2307,40.5031,-4.54417,-2.980223,"El Nino",-0.217230769230769,1.01766666666667
2004,"JUN","Harbor porpoise",2,6,-4,2004-06-01,0.315,0.7764751,0.04,10.602,14.947,188.2307,40.5031,-4.54417,-2.980223,"El Nino",-0.217230769230769,1.01766666666667
2004,"MAR","Pacific white-sided dolphin",1,1.33333333333333,-0.333333333333333,2004-03-01,-0.036,0.38293236,0.61,11.062,10.456,109.6707,-36.6857,-4.21146,-0.115612,"La Nina",-0.205,0.334642857142857
2004,"MAR","Minke whale",1,1,0,2004-03-01,-0.036,0.38293236,0.61,11.062,10.456,109.6707,-36.6857,-4.21146,-0.115612,"La Nina",-0.205,0.334642857142857
2004,"MAR","Harbor porpoise",1,3.46153846153846,-2.46153846153846,2004-03-01,-0.036,0.38293236,0.61,11.062,10.456,109.6707,-36.6857,-4.21146,-0.115612,"La Nina",-0.205,0.334642857142857
2004,"MAR","Dalls porpoise",3,2.5,0.5,2004-03-01,-0.036,0.38293236,0.61,11.062,10.456,109.6707,-36.6857,-4.21146,-0.115612,"La Nina",-0.205,0.334642857142857
2004,"MAY","Killer whale",1,1,0,2004-05-01,0.558,0.20735337,0.88,11.968,13.996,86.1121,11.2105,-4.41876,-0.917814,"El Nino",1.14808333333333,1.63753333333333
2004,"MAY","Dalls porpoise",1,1.83333333333333,-0.833333333333333,2004-05-01,0.558,0.20735337,0.88,11.968,13.996,86.1121,11.2105,-4.41876,-0.917814,"El Nino",1.14808333333333,1.63753333333333
2004,"MAY","Gray whale",4,2.83333333333333,1.16666666666667,2004-05-01,0.558,0.20735337,0.88,11.968,13.996,86.1121,11.2105,-4.41876,-0.917814,"El Nino",1.14808333333333,1.63753333333333
2004,"MAY","Harbor porpoise",3,10,-7,2004-05-01,0.558,0.20735337,0.88,11.968,13.996,86.1121,11.2105,-4.41876,-0.917814,"El Nino",1.14808333333333,1.63753333333333
2004,"MAY","Unidentified",3,1.6,1.4,2004-05-01,0.558,0.20735337,0.88,11.968,13.996,86.1121,11.2105,-4.41876,-0.917814,"El Nino",1.14808333333333,1.63753333333333
2004,"NOV","Dalls porpoise",1,1.33333333333333,-0.333333333333333,2004-11-01,0.818,-0.44177726,-0.63,12.76,11.46,98.1905,-8.3825,-2.99624,-0.385774,"El Nino",-0.139538461538462,-0.731999999999999
2004,"OCT","Dalls porpoise",1,1,0,2004-10-01,0.524,0.042904183,-0.11,12.834,13.086,40.2352,-6.5593,-1.33769,0.553763,"El Nino",-0.190076923076923,-0.181799999999999
2004,"OCT","Harbor porpoise",2,3.92307692307692,-1.92307692307692,2004-10-01,0.524,0.042904183,-0.11,12.834,13.086,40.2352,-6.5593,-1.33769,0.553763,"El Nino",-0.190076923076923,-0.181799999999999
2004,"SEP","Dalls porpoise",2,1.16666666666667,0.833333333333333,2004-09-01,0.591,0.3764023,0.75,12.487,15.12,129.2259,10.6987,-4.60825,-1.716389,"El Nino",-0.363250000000001,1.44053333333333
2004,"SEP","Harbor porpoise",2,5.5,-3.5,2004-09-01,0.591,0.3764023,0.75,12.487,15.12,129.2259,10.6987,-4.60825,-1.716389,"El Nino",-0.363250000000001,1.44053333333333
2004,"SEP","Unidentified",2,1.16666666666667,0.833333333333333,2004-09-01,0.591,0.3764023,0.75,12.487,15.12,129.2259,10.6987,-4.60825,-1.716389,"El Nino",-0.363250000000001,1.44053333333333
2005,"APR","Dalls porpoise",1,1,0,2005-04-01,0.626,-1.6860675,1.03,11.944,11.521,87.9704,-29.8939,-2.75528,-0.321094,"El Nino",1.01761538461539,0.807266666666667
2005,"APR","Harbor porpoise",4,4.86666666666667,-0.866666666666666,2005-04-01,0.626,-1.6860675,1.03,11.944,11.521,87.9704,-29.8939,-2.75528,-0.321094,"El Nino",1.01761538461539,0.807266666666667
2005,"APR","Gray whale",4,2.14285714285714,1.85714285714286,2005-04-01,0.626,-1.6860675,1.03,11.944,11.521,87.9704,-29.8939,-2.75528,-0.321094,"El Nino",1.01761538461539,0.807266666666667
2005,"AUG","Dalls porpoise",1,1.33333333333333,-0.333333333333333,2005-08-01,0.362,-1.1305807,0.25,11.817,12.42,131.4161,54.6555,-3.55922,-4.300941,"El Nino",-0.728999999999999,-0.733600000000001
2005,"AUG","Harbor porpoise",5,9.33333333333333,-4.33333333333333,2005-08-01,0.362,-1.1305807,0.25,11.817,12.42,131.4161,54.6555,-3.55922,-4.300941,"El Nino",-0.728999999999999,-0.733600000000001
2005,"AUG","Humpback whale",1,1.28571428571429,-0.285714285714286,2005-08-01,0.362,-1.1305807,0.25,11.817,12.42,131.4161,54.6555,-3.55922,-4.300941,"El Nino",-0.728999999999999,-0.733600000000001
2005,"DEC","Gray whale",2,1.14285714285714,0.857142857142857,2005-12-01,-0.55,-1.2528956,0.2,13.022,10.737,-141.1844,-164.0151,2.80579,3.545749,"La Nina",0.839769230769232,-0.329357142857143
2005,"FEB","Gray whale",1,1,0,2005-02-01,0.816,-1.4945695,0.81,12.423,NA,0.8504,3.2827,-0.51967,NA,"El Nino",1.10015384615385,NA
2005,"FEB","Sperm whale",1,1,0,2005-02-01,0.816,-1.4945695,0.81,12.423,NA,0.8504,3.2827,-0.51967,NA,"El Nino",1.10015384615385,NA
2005,"FEB","Harbor porpoise",1,2.61538461538462,-1.61538461538462,2005-02-01,0.816,-1.4945695,0.81,12.423,NA,0.8504,3.2827,-0.51967,NA,"El Nino",1.10015384615385,NA
2005,"FEB","Dalls porpoise",1,1.5,-0.5,2005-02-01,0.816,-1.4945695,0.81,12.423,NA,0.8504,3.2827,-0.51967,NA,"El Nino",1.10015384615385,NA
2005,"JAN","Dalls porpoise",1,1,0,2005-01-01,0.325,-1.6584775,0.44,12.267,NA,-45.533,-94.5784,1.40726,NA,"El Nino",0.693769230769231,NA
2005,"JUL","Dalls porpoise",1,1.6,-0.6,2005-07-01,0.519,-1.6639054,0.66,11.867,14.395,158.1158,60.9758,-3.17258,-4.233065,"El Nino",-0.26925,0.671125
2005,"JUL","Harbor porpoise",6,15.2,-9.2,2005-07-01,0.519,-1.6639054,0.66,11.867,14.395,158.1158,60.9758,-3.17258,-4.233065,"El Nino",-0.26925,0.671125
2005,"JUL","Gray whale",2,1.57142857142857,0.428571428571429,2005-07-01,0.519,-1.6639054,0.66,11.867,14.395,158.1158,60.9758,-3.17258,-4.233065,"El Nino",-0.26925,0.671125
2005,"JUN","Harbor porpoise",3,6,-3,2005-06-01,0.589,-1.2837522,1.17,10.989,15.404,197.1365,18.7469,-3.68958,-2.280529,"El Nino",0.169769230769232,1.47466666666667
2005,"JUN","Dalls porpoise",1,1,0,2005-06-01,0.589,-1.2837522,1.17,10.989,15.404,197.1365,18.7469,-3.68958,-2.280529,"El Nino",0.169769230769232,1.47466666666667
2005,"MAR",NA,1,1,0,2005-03-01,1.057,-1.4867297,1.36,12.886,NA,15.6622,-38.1893,-0.51089,NA,"El Nino",1.619,NA
2005,"MAY","Harbor porpoise",10,10,0,2005-05-01,0.885,-0.79030764,1.86,12.929,13.508,74.5523,-15.9308,-1.5914,1.256317,"El Nino",2.10908333333333,1.14953333333333
2005,"MAY","Pacific white-sided dolphin",1,1.25,-0.25,2005-05-01,0.885,-0.79030764,1.86,12.929,13.508,74.5523,-15.9308,-1.5914,1.256317,"El Nino",2.10908333333333,1.14953333333333
2005,"MAY","Dalls porpoise",3,1.83333333333333,1.16666666666667,2005-05-01,0.885,-0.79030764,1.86,12.929,13.508,74.5523,-15.9308,-1.5914,1.256317,"El Nino",2.10908333333333,1.14953333333333
2005,"MAY","Unidentified",1,1.6,-0.6,2005-05-01,0.885,-0.79030764,1.86,12.929,13.508,74.5523,-15.9308,-1.5914,1.256317,"El Nino",2.10908333333333,1.14953333333333
2005,"MAY","Gray whale",7,2.83333333333333,4.16666666666667,2005-05-01,0.885,-0.79030764,1.86,12.929,13.508,74.5523,-15.9308,-1.5914,1.256317,"El Nino",2.10908333333333,1.14953333333333
2005,"NOV","Harbor porpoise",1,2.36363636363636,-1.36363636363636,2005-11-01,-0.374,-1.6610364,-1.5,12.412,11.756,38.9511,-43.6884,-2.07191,1.146592,"La Nina",-0.487538461538461,-0.436
2005,"NOV","Cuviers beaked whale",1,1,0,2005-11-01,-0.374,-1.6610364,-1.5,12.412,11.756,38.9511,-43.6884,-2.07191,1.146592,"La Nina",-0.487538461538461,-0.436
2005,"NOV","Unidentified",1,1,0,2005-11-01,-0.374,-1.6610364,-1.5,12.412,11.756,38.9511,-43.6884,-2.07191,1.146592,"La Nina",-0.487538461538461,-0.436
2005,"NOV","Dalls porpoise",3,1.33333333333333,1.66666666666667,2005-11-01,-0.374,-1.6610364,-1.5,12.412,11.756,38.9511,-43.6884,-2.07191,1.146592,"La Nina",-0.487538461538461,-0.436
2005,"NOV","Pygmy sperm whale",2,1.5,0.5,2005-11-01,-0.374,-1.6610364,-1.5,12.412,11.756,38.9511,-43.6884,-2.07191,1.146592,"La Nina",-0.487538461538461,-0.436
2005,"OCT",NA,1,1,0,2005-10-01,-0.152,-0.8893114,-1.32,12.47,12.7,69.2237,-55.1595,-2.59933,3.45593,"La Nina",-0.554076923076922,-0.5678
2005,"SEP","Dalls porpoise",1,1.16666666666667,-0.166666666666667,2005-09-01,0.329,-1.5729473,-0.46,12.23,12.095,121.8351,38.3074,-3.71014,-3.007083,"El Nino",-0.62025,-1.58446666666667
2005,"SEP","Gray whale",1,1,0,2005-09-01,0.329,-1.5729473,-0.46,12.23,12.095,121.8351,38.3074,-3.71014,-3.007083,"El Nino",-0.62025,-1.58446666666667
2005,"SEP","Unidentified",1,1.16666666666667,-0.166666666666667,2005-09-01,0.329,-1.5729473,-0.46,12.23,12.095,121.8351,38.3074,-3.71014,-3.007083,"El Nino",-0.62025,-1.58446666666667
2006,"APR","Harbor porpoise",6,4.86666666666667,1.13333333333333,2006-04-01,-0.571,-0.56621325,0.4,11.97,11.071,77.8645,-4.9755,1.25972,NA,"La Nina",1.04361538461539,0.357266666666666
2006,"APR","Gray whale",1,2.14285714285714,-1.14285714285714,2006-04-01,-0.571,-0.56621325,0.4,11.97,11.071,77.8645,-4.9755,1.25972,NA,"La Nina",1.04361538461539,0.357266666666666
2006,"APR","Dalls porpoise",1,1,0,2006-04-01,-0.571,-0.56621325,0.4,11.97,11.071,77.8645,-4.9755,1.25972,NA,"La Nina",1.04361538461539,0.357266666666666
2006,"AUG","Dalls porpoise",1,1.33333333333333,-0.333333333333333,2006-08-01,0.77,-0.36677578,-0.65,NA,11.881,187.2537,62.581,NA,-4.866364,"El Nino",NA,-1.2726
2006,"AUG","Harbor porpoise",13,9.33333333333333,3.66666666666667,2006-08-01,0.77,-0.36677578,-0.65,NA,11.881,187.2537,62.581,NA,-4.866364,"El Nino",NA,-1.2726
2006,"AUG","Minke whale",1,1,0,2006-08-01,0.77,-0.36677578,-0.65,NA,11.881,187.2537,62.581,NA,-4.866364,"El Nino",NA,-1.2726
2006,"DEC","Gray whale",1,1.14285714285714,-0.142857142857143,2006-12-01,0.965,-0.1553899,0.14,12.105,11.151,-14.1327,-162.5179,1.01694,3.766801,"El Nino",-0.0772307692307681,0.0846428571428568
2006,"DEC","Striped dolphin",1,2.33333333333333,-1.33333333333333,2006-12-01,0.965,-0.1553899,0.14,12.105,11.151,-14.1327,-162.5179,1.01694,3.766801,"El Nino",-0.0772307692307681,0.0846428571428568
2006,"DEC","Harbor porpoise",1,2.5,-1.5,2006-12-01,0.965,-0.1553899,0.14,12.105,11.151,-14.1327,-162.5179,1.01694,3.766801,"El Nino",-0.0772307692307681,0.0846428571428568
2006,"FEB","Gray whale",1,1,0,2006-02-01,-0.414,-1.0694165,0.66,11.76,10.397,43.2438,-56.1905,-1.27934,-0.227232,"La Nina",0.437153846153846,0.186846153846155
2006,"FEB","Harbor porpoise",4,2.61538461538462,1.38461538461538,2006-02-01,-0.414,-1.0694165,0.66,11.76,10.397,43.2438,-56.1905,-1.27934,-0.227232,"La Nina",0.437153846153846,0.186846153846155
2006,"JAN","Cuviers beaked whale",1,1,0,2006-01-01,-0.428,-0.6465035,1.03,12.686,11.455,-18.2532,-175.2138,1.18235,6.284409,"La Nina",1.11276923076923,1.04885714285714
2006,"JAN","Striped dolphin",2,2,0,2006-01-01,-0.428,-0.6465035,1.03,12.686,11.455,-18.2532,-175.2138,1.18235,6.284409,"La Nina",1.11276923076923,1.04885714285714
2006,"JAN","Harbor porpoise",2,2.5,-0.5,2006-01-01,-0.428,-0.6465035,1.03,12.686,11.455,-18.2532,-175.2138,1.18235,6.284409,"La Nina",1.11276923076923,1.04885714285714
2006,"JAN","Pygmy sperm whale",1,1,0,2006-01-01,-0.428,-0.6465035,1.03,12.686,11.455,-18.2532,-175.2138,1.18235,6.284409,"La Nina",1.11276923076923,1.04885714285714
2006,"JAN","Unidentified",2,1.42857142857143,0.571428571428571,2006-01-01,-0.428,-0.6465035,1.03,12.686,11.455,-18.2532,-175.2138,1.18235,6.284409,"La Nina",1.11276923076923,1.04885714285714
2006,"JAN","Pacific white-sided dolphin",2,1.5,0.5,2006-01-01,-0.428,-0.6465035,1.03,12.686,11.455,-18.2532,-175.2138,1.18235,6.284409,"La Nina",1.11276923076923,1.04885714285714
2006,"JAN","Gray whale",1,1.11111111111111,-0.111111111111111,2006-01-01,-0.428,-0.6465035,1.03,12.686,11.455,-18.2532,-175.2138,1.18235,6.284409,"La Nina",1.11276923076923,1.04885714285714
2006,"JAN","Short-beaked common dolphin",1,1,0,2006-01-01,-0.428,-0.6465035,1.03,12.686,11.455,-18.2532,-175.2138,1.18235,6.284409,"La Nina",1.11276923076923,1.04885714285714
2006,"JUL","Gray whale",3,1.57142857142857,1.42857142857143,2006-07-01,0.718,-0.49922836,0.35,NA,12.722,186.0568,64.4086,NA,NA,"El Nino",NA,-1.001875
2006,"JUL","Harbor porpoise",13,15.2,-2.2,2006-07-01,0.718,-0.49922836,0.35,NA,12.722,186.0568,64.4086,NA,NA,"El Nino",NA,-1.001875
2006,"JUN","Unidentified",1,1.16666666666667,-0.166666666666667,2006-06-01,0.526,-0.12757395,1.04,NA,13.94,192.4128,61.4344,NA,NA,"El Nino",NA,0.0106666666666655
2006,"JUN","Harbor porpoise",6,6,0,2006-06-01,0.526,-0.12757395,1.04,NA,13.94,192.4128,61.4344,NA,NA,"El Nino",NA,0.0106666666666655
2006,"JUN","Gray whale",3,2.22222222222222,0.777777777777778,2006-06-01,0.526,-0.12757395,1.04,NA,13.94,192.4128,61.4344,NA,NA,"El Nino",NA,0.0106666666666655
2006,"MAR","Harbor porpoise",7,3.46153846153846,3.53846153846154,2006-03-01,-0.521,-0.7099621,0.05,11.381,10.19,-35.8389,-137.562,2.00431,5.313298,"La Nina",0.114000000000001,0.0686428571428568
2006,"MAR","Pacific white-sided dolphin",1,1.33333333333333,-0.333333333333333,2006-03-01,-0.521,-0.7099621,0.05,11.381,10.19,-35.8389,-137.562,2.00431,5.313298,"La Nina",0.114000000000001,0.0686428571428568
2006,"MAR","Unidentified",1,1.2,-0.2,2006-03-01,-0.521,-0.7099621,0.05,11.381,10.19,-35.8389,-137.562,2.00431,5.313298,"La Nina",0.114000000000001,0.0686428571428568
2006,"MAY","Fin whale",2,1.5,0.5,2006-05-01,0.045,-0.12235165,0.48,NA,11.919,187.2317,43.0901,NA,NA,"El Nino",NA,-0.439466666666666
2006,"MAY","Dalls porpoise",2,1.83333333333333,0.166666666666667,2006-05-01,0.045,-0.12235165,0.48,NA,11.919,187.2317,43.0901,NA,NA,"El Nino",NA,-0.439466666666666
2006,"MAY","Harbor porpoise",3,10,-7,2006-05-01,0.045,-0.12235165,0.48,NA,11.919,187.2317,43.0901,NA,NA,"El Nino",NA,-0.439466666666666
2006,"MAY","Humpback whale",1,1,0,2006-05-01,0.045,-0.12235165,0.48,NA,11.919,187.2317,43.0901,NA,NA,"El Nino",NA,-0.439466666666666
2006,"MAY","Gray whale",5,2.83333333333333,2.16666666666667,2006-05-01,0.045,-0.12235165,0.48,NA,11.919,187.2317,43.0901,NA,NA,"El Nino",NA,-0.439466666666666
2006,"NOV","Harbor porpoise",2,2.36363636363636,-0.363636363636364,2006-11-01,1.297,-0.99574655,-0.22,13.124,11.509,15.5851,-163.2999,-0.45258,5.921389,"El Nino",0.224461538461538,-0.683
2006,"NOV","Dalls porpoise",1,1.33333333333333,-0.333333333333333,2006-11-01,1.297,-0.99574655,-0.22,13.124,11.509,15.5851,-163.2999,-0.45258,5.921389,"El Nino",0.224461538461538,-0.683
2006,"NOV","Fin whale",1,1,0,2006-11-01,1.297,-0.99574655,-0.22,13.124,11.509,15.5851,-163.2999,-0.45258,5.921389,"El Nino",0.224461538461538,-0.683
2006,"NOV","Cuviers beaked whale",1,1,0,2006-11-01,1.297,-0.99574655,-0.22,13.124,11.509,15.5851,-163.2999,-0.45258,5.921389,"El Nino",0.224461538461538,-0.683
2006,"NOV","Striped dolphin",1,1.6,-0.6,2006-11-01,1.297,-0.99574655,-0.22,13.124,11.509,15.5851,-163.2999,-0.45258,5.921389,"El Nino",0.224461538461538,-0.683
2006,"NOV","Short-beaked common dolphin",1,1,0,2006-11-01,1.297,-0.99574655,-0.22,13.124,11.509,15.5851,-163.2999,-0.45258,5.921389,"El Nino",0.224461538461538,-0.683
2006,"OCT","Humpback whale",1,1,0,2006-10-01,0.976,-1.0489801,-0.05,13.379,11.106,97.2565,29.4158,-2.95789,-2.59973,"El Nino",0.354923076923077,-2.1618
2006,"OCT","Harbor porpoise",3,3.92307692307692,-0.923076923076923,2006-10-01,0.976,-1.0489801,-0.05,13.379,11.106,97.2565,29.4158,-2.95789,-2.59973,"El Nino",0.354923076923077,-2.1618
2006,"SEP","Dalls porpoise",1,1.16666666666667,-0.166666666666667,2006-09-01,0.84,-0.33968976,-0.94,11.585,13.387,157.4348,31.782,-4.38055,-2.405323,"El Nino",-1.26525,-0.292466666666666
2006,"SEP","Harbor porpoise",8,5.5,2.5,2006-09-01,0.84,-0.33968976,-0.94,11.585,13.387,157.4348,31.782,-4.38055,-2.405323,"El Nino",-1.26525,-0.292466666666666
2007,"APR","Harbor porpoise",4,4.86666666666667,-0.866666666666666,2007-04-01,0.026,0.26061866,0.16,10.126,10.51,132.0192,-2.7801,-4.73315,0.688811,"El Nino",-0.800384615384615,-0.203733333333334
2007,"APR","Gray whale",2,2.14285714285714,-0.142857142857143,2007-04-01,0.026,0.26061866,0.16,10.126,10.51,132.0192,-2.7801,-4.73315,0.688811,"El Nino",-0.800384615384615,-0.203733333333334
2007,"AUG","Unidentified",1,1.14285714285714,-0.142857142857143,2007-08-01,-0.427,1.4399076,0.5,14.174,14.64,120.0857,29.5966,-3.0873,-2.450875,"La Nina",1.628,1.4864
2007,"AUG","Humpback whale",1,1.28571428571429,-0.285714285714286,2007-08-01,-0.427,1.4399076,0.5,14.174,14.64,120.0857,29.5966,-3.0873,-2.450875,"La Nina",1.628,1.4864
2007,"AUG","Gray whale",1,1,0,2007-08-01,-0.427,1.4399076,0.5,14.174,14.64,120.0857,29.5966,-3.0873,-2.450875,"La Nina",1.628,1.4864
2007,"AUG","Harbor porpoise",7,9.33333333333333,-2.33333333333333,2007-08-01,-0.427,1.4399076,0.5,14.174,14.64,120.0857,29.5966,-3.0873,-2.450875,"La Nina",1.628,1.4864
2007,"DEC","Sperm whale",1,1,0,2007-12-01,-1.178,0.45784405,-0.58,10.493,NA,-21.7387,-163.8282,-1.07594,NA,"La Nina",-1.68923076923077,NA
2007,"DEC","Northern right whale dolphin",1,1,0,2007-12-01,-1.178,0.45784405,-0.58,10.493,NA,-21.7387,-163.8282,-1.07594,NA,"La Nina",-1.68923076923077,NA
2007,"DEC","Hybrid",1,1,0,2007-12-01,-1.178,0.45784405,-0.58,10.493,NA,-21.7387,-163.8282,-1.07594,NA,"La Nina",-1.68923076923077,NA
2007,"FEB","Unidentified",1,1,0,2007-02-01,0.537,-0.13660997,0.04,11.012,9.561,29.024,-65.2927,0.11124,4.288209,"El Nino",-0.310846153846153,-0.649153846153846
2007,"FEB","Harbor porpoise",2,2.61538461538462,-0.615384615384615,2007-02-01,0.537,-0.13660997,0.04,11.012,9.561,29.024,-65.2927,0.11124,4.288209,"El Nino",-0.310846153846153,-0.649153846153846
2007,"FEB","Sperm whale",1,1,0,2007-02-01,0.537,-0.13660997,0.04,11.012,9.561,29.024,-65.2927,0.11124,4.288209,"El Nino",-0.310846153846153,-0.649153846153846
2007,"FEB","Pacific white-sided dolphin",1,1,0,2007-02-01,0.537,-0.13660997,0.04,11.012,9.561,29.024,-65.2927,0.11124,4.288209,"El Nino",-0.310846153846153,-0.649153846153846
2007,"JAN","Harbor porpoise",3,2.5,0.5,2007-01-01,0.985,-0.4117224,0.01,10.82,9.697,90.2147,-13.8375,-4.66366,1.256797,"El Nino",-0.753230769230768,-0.709142857142858
2007,"JAN","Unidentified",2,1.42857142857143,0.571428571428571,2007-01-01,0.985,-0.4117224,0.01,10.82,9.697,90.2147,-13.8375,-4.66366,1.256797,"El Nino",-0.753230769230768,-0.709142857142858
2007,"JAN","Gray whale",1,1.11111111111111,-0.111111111111111,2007-01-01,0.985,-0.4117224,0.01,10.82,9.697,90.2147,-13.8375,-4.66366,1.256797,"El Nino",-0.753230769230768,-0.709142857142858
2007,"JAN","Other",1,1,0,2007-01-01,0.985,-0.4117224,0.01,10.82,9.697,90.2147,-13.8375,-4.66366,1.256797,"El Nino",-0.753230769230768,-0.709142857142858
2007,"JUL","Harbor porpoise",17,15.2,1.8,2007-07-01,-0.247,1.2289858,0.78,NA,16.177,148.4023,28.2431,NA,-1.219459,"La Nina",NA,2.453125
2007,"JUL","Cuviers beaked whale",1,1,0,2007-07-01,-0.247,1.2289858,0.78,NA,16.177,148.4023,28.2431,NA,-1.219459,"La Nina",NA,2.453125
2007,"JUN","Dalls porpoise",1,1,0,2007-06-01,-0.155,1.2324307,0.09,10.749,14.055,209.1233,14.1568,-5.58815,-1.159497,"La Nina",-0.0702307692307684,0.125666666666666
2007,"JUN","Gray whale",3,2.22222222222222,0.777777777777778,2007-06-01,-0.155,1.2324307,0.09,10.749,14.055,209.1233,14.1568,-5.58815,-1.159497,"La Nina",-0.0702307692307684,0.125666666666666
2007,"JUN","Harbor porpoise",6,6,0,2007-06-01,-0.155,1.2324307,0.09,10.749,14.055,209.1233,14.1568,-5.58815,-1.159497,"La Nina",-0.0702307692307684,0.125666666666666
2007,"MAR","Dalls porpoise",2,2.5,-0.5,2007-03-01,0.125,-0.54892534,-0.36,10.793,10.042,115.9049,-13.1684,-4.16969,2.198372,"El Nino",-0.474,-0.0793571428571429
2007,"MAR","Unidentified",1,1.2,-0.2,2007-03-01,0.125,-0.54892534,-0.36,10.793,10.042,115.9049,-13.1684,-4.16969,2.198372,"El Nino",-0.474,-0.0793571428571429
2007,"MAY","Harbor porpoise",5,10,-5,2007-05-01,0.348,0.6913841,-0.1,10.109,11.412,185.3527,48.9892,-5.34845,-3.941081,"El Nino",-0.710916666666668,-0.946466666666666
2007,"MAY","Unidentified",2,1.6,0.4,2007-05-01,0.348,0.6913841,-0.1,10.109,11.412,185.3527,48.9892,-5.34845,-3.941081,"El Nino",-0.710916666666668,-0.946466666666666
2007,"MAY","Gray whale",1,2.83333333333333,-1.83333333333333,2007-05-01,0.348,0.6913841,-0.1,10.109,11.412,185.3527,48.9892,-5.34845,-3.941081,"El Nino",-0.710916666666668,-0.946466666666666
2007,"MAY","Killer whale",1,1,0,2007-05-01,0.348,0.6913841,-0.1,10.109,11.412,185.3527,48.9892,-5.34845,-3.941081,"El Nino",-0.710916666666668,-0.946466666666666
2007,"NOV","Harbor porpoise",1,2.36363636363636,-1.36363636363636,2007-11-01,-1.149,0.72844106,-1.08,12.049,11.136,63.5586,-43.6681,-2.07503,0.159414,"La Nina",-0.850538461538463,-1.056
2007,"OCT","Harbor porpoise",7,3.92307692307692,3.07692307692308,2007-10-01,-1.204,1.2687833,-1.45,13.274,12.212,57.4057,-42.943,-1.72113,1.502561,"La Nina",0.249923076923077,-1.0558
2007,"OCT","Short-beaked common dolphin",1,1.33333333333333,-0.333333333333333,2007-10-01,-1.204,1.2687833,-1.45,13.274,12.212,57.4057,-42.943,-1.72113,1.502561,"La Nina",0.249923076923077,-1.0558
2007,"OCT","Dalls porpoise",1,1,0,2007-10-01,-1.204,1.2687833,-1.45,13.274,12.212,57.4057,-42.943,-1.72113,1.502561,"La Nina",0.249923076923077,-1.0558
2007,"SEP","Humpback whale",1,1.25,-0.25,2007-09-01,-1.175,0.9092681,-0.36,13.545,13.088,91.8116,20.4129,-2.55097,-1.815342,"La Nina",0.694749999999999,-0.591466666666667
2007,"SEP","Dalls porpoise",1,1.16666666666667,-0.166666666666667,2007-09-01,-1.175,0.9092681,-0.36,13.545,13.088,91.8116,20.4129,-2.55097,-1.815342,"La Nina",0.694749999999999,-0.591466666666667
2008,"APR","Harbor porpoise",9,4.86666666666667,4.13333333333333,2008-04-01,-0.858,1.3959782,-1.52,9.3,9.331,130.2347,7.7472,-4.22837,-0.312117,"La Nina",-1.62638461538461,-1.38273333333333
2008,"APR","Gray whale",1,2.14285714285714,-1.14285714285714,2008-04-01,-0.858,1.3959782,-1.52,9.3,9.331,130.2347,7.7472,-4.22837,-0.312117,"La Nina",-1.62638461538461,-1.38273333333333
2008,"AUG","Harbor porpoise",5,9.33333333333333,-4.33333333333333,2008-08-01,-0.252,2.143588,-1.7,11.691,14.703,182.9806,16.3969,-4.88441,-1.549057,"La Nina",-0.854999999999999,1.5494
2008,"AUG","Unidentified",1,1.14285714285714,-0.142857142857143,2008-08-01,-0.252,2.143588,-1.7,11.691,14.703,182.9806,16.3969,-4.88441,-1.549057,"La Nina",-0.854999999999999,1.5494
2008,"AUG","Humpback whale",2,1.28571428571429,0.714285714285714,2008-08-01,-0.252,2.143588,-1.7,11.691,14.703,182.9806,16.3969,-4.88441,-1.549057,"La Nina",-0.854999999999999,1.5494
2008,"DEC","Harbor porpoise",3,2.5,0.5,2008-12-01,-0.646,0.44929096,-0.87,11.521,10.66,30.4274,-50.8548,-1.48116,1.408,"La Nina",-0.661230769230768,-0.406357142857143
2008,"DEC","Gray whale",1,1.14285714285714,-0.142857142857143,2008-12-01,-0.646,0.44929096,-0.87,11.521,10.66,30.4274,-50.8548,-1.48116,1.408,"La Nina",-0.661230769230768,-0.406357142857143
2008,"FEB","Unidentified",1,1,0,2008-02-01,-1.371,1.1359497,-0.77,10.374,NA,16.4288,-31.9498,-2.22787,NA,"La Nina",-0.948846153846153,NA
2008,"FEB","Sperm whale",1,1,0,2008-02-01,-1.371,1.1359497,-0.77,10.374,NA,16.4288,-31.9498,-2.22787,NA,"La Nina",-0.948846153846153,NA
2008,"JAN","Sperm whale",1,1,0,2008-01-01,-1.006,0.5557309,-1,10.322,NA,-38.7029,-99.0036,1.57984,NA,"La Nina",-1.25123076923077,NA
2008,"JAN","Gray whale",1,1.11111111111111,-0.111111111111111,2008-01-01,-1.006,0.5557309,-1,10.322,NA,-38.7029,-99.0036,1.57984,NA,"La Nina",-1.25123076923077,NA
2008,"JAN","Northern right whale dolphin",1,1,0,2008-01-01,-1.006,0.5557309,-1,10.322,NA,-38.7029,-99.0036,1.57984,NA,"La Nina",-1.25123076923077,NA
2008,"JUL","Harbor porpoise",22,15.2,6.8,2008-07-01,0.089,1.427494,-1.67,11.601,11.409,167.3208,48.9607,-4.68589,-3.360594,"El Nino",-0.53525,-2.314875
2008,"JUL","Killer whale",1,1,0,2008-07-01,0.089,1.427494,-1.67,11.601,11.409,167.3208,48.9607,-4.68589,-3.360594,"El Nino",-0.53525,-2.314875
2008,"JUL","Humpback whale",1,1,0,2008-07-01,0.089,1.427494,-1.67,11.601,11.409,167.3208,48.9607,-4.68589,-3.360594,"El Nino",-0.53525,-2.314875
2008,"JUN","Humpback whale",1,1,0,2008-06-01,0.142,1.2788393,-1.34,9.242,12.283,288.121,42.7619,-6.68289,-3.081528,"El Nino",-1.57723076923077,-1.64633333333333
2008,"JUN","Harbor porpoise",1,6,-5,2008-06-01,0.142,1.2788393,-1.34,9.242,12.283,288.121,42.7619,-6.68289,-3.081528,"El Nino",-1.57723076923077,-1.64633333333333
2008,"JUN","Unidentified",1,1.16666666666667,-0.166666666666667,2008-06-01,0.142,1.2788393,-1.34,9.242,12.283,288.121,42.7619,-6.68289,-3.081528,"El Nino",-1.57723076923077,-1.64633333333333
2008,"MAR","Sperm whale",1,1.25,-0.25,2008-03-01,-1.552,1.3746045,-0.71,9.904,8.99,115.7752,-13.8064,-4.47245,2.011075,"La Nina",-1.363,-1.13135714285714
2008,"MAR","Harbor porpoise",1,3.46153846153846,-2.46153846153846,2008-03-01,-1.552,1.3746045,-0.71,9.904,8.99,115.7752,-13.8064,-4.47245,2.011075,"La Nina",-1.363,-1.13135714285714
2008,"MAY","Harbor porpoise",6,10,-4,2008-05-01,-0.345,1.7382507,-1.37,9.65,11.526,273.5483,37.2803,-6.30837,-3.025437,"La Nina",-1.16991666666667,-0.832466666666667
2008,"MAY","Gray whale",1,2.83333333333333,-1.83333333333333,2008-05-01,-0.345,1.7382507,-1.37,9.65,11.526,273.5483,37.2803,-6.30837,-3.025437,"La Nina",-1.16991666666667,-0.832466666666667
2008,"MAY","Cuviers beaked whale",2,2,0,2008-05-01,-0.345,1.7382507,-1.37,9.65,11.526,273.5483,37.2803,-6.30837,-3.025437,"La Nina",-1.16991666666667,-0.832466666666667
2008,"NOV",NA,1,1,0,2008-11-01,-0.584,1.9697901,-1.25,12.803,12.332,13.0659,-75.6299,-1.0675,2.964575,"La Nina",-0.0965384615384615,0.140000000000001
2008,"OCT","Harbor porpoise",3,3.92307692307692,-0.923076923076923,2008-10-01,-0.681,1.7658828,-1.76,11.854,12.943,113.2343,-16.1913,-3.05457,-0.195547,"La Nina",-1.17007692307692,-0.3248
2008,"SEP","Harbor porpoise",3,5.5,-2.5,2008-09-01,-0.545,2.2272398,-1.55,12.943,12.001,105.7112,32.7004,-2.39485,-2.869777,"La Nina",0.0927499999999988,-1.67846666666667
2009,"APR","Gray whale",5,2.14285714285714,2.85714285714286,2009-04-01,-0.106,0.4162877,-1.65,9.141,9.634,170.7162,30.4379,-5.80819,-1.937552,"La Nina",-1.78538461538461,-1.07973333333333
2009,"APR","Harbor porpoise",6,4.86666666666667,1.13333333333333,2009-04-01,-0.106,0.4162877,-1.65,9.141,9.634,170.7162,30.4379,-5.80819,-1.937552,"La Nina",-1.78538461538461,-1.07973333333333
2009,"APR","Dalls porpoise",1,1,0,2009-04-01,-0.106,0.4162877,-1.65,9.141,9.634,170.7162,30.4379,-5.80819,-1.937552,"La Nina",-1.78538461538461,-1.07973333333333
2009,"AUG","Fin whale",1,1,0,2009-08-01,1.073,0.71791106,0.09,12.443,13.973,133.4058,24.0671,-4.17258,-1.901619,"El Nino",-0.103,0.8194
2009,"AUG","Harbor porpoise",14,9.33333333333333,4.66666666666667,2009-08-01,1.073,0.71791106,0.09,12.443,13.973,133.4058,24.0671,-4.17258,-1.901619,"El Nino",-0.103,0.8194
2009,"AUG","Dalls porpoise",1,1.33333333333333,-0.333333333333333,2009-08-01,1.073,0.71791106,0.09,12.443,13.973,133.4058,24.0671,-4.17258,-1.901619,"El Nino",-0.103,0.8194
2009,"DEC","Short-beaked common dolphin",1,1,0,2009-12-01,1.059,1.0631177,0.08,11.455,10.341,-39.7486,-92.8179,0.98763,1.759623,"El Nino",-0.727230769230768,-0.725357142857144
2009,"DEC","Gray whale",1,1.14285714285714,-0.142857142857143,2009-12-01,1.059,1.0631177,0.08,11.455,10.341,-39.7486,-92.8179,0.98763,1.759623,"El Nino",-0.727230769230768,-0.725357142857144
2009,"DEC","Dalls porpoise",1,1,0,2009-12-01,1.059,1.0631177,0.08,11.455,10.341,-39.7486,-92.8179,0.98763,1.759623,"El Nino",-0.727230769230768,-0.725357142857144
2009,"DEC","Harbor porpoise",1,2.5,-1.5,2009-12-01,1.059,1.0631177,0.08,11.455,10.341,-39.7486,-92.8179,0.98763,1.759623,"El Nino",-0.727230769230768,-0.725357142857144
2009,"FEB","Harbor porpoise",4,2.61538461538462,1.38461538461538,2009-02-01,-0.69,0.9093018,-1.55,10.497,8.989,-68.779,-51.4027,2.17288,1.243049,"La Nina",-0.825846153846154,-1.22115384615384
2009,"JAN","Harbor porpoise",3,2.5,0.5,2009-01-01,-0.714,0.7225751,-1.4,10.93,9.327,52.4224,-35.1876,-3.62911,0.513324,"La Nina",-0.643230769230769,-1.07914285714286
2009,"JUL","Harbor porpoise",20,15.2,4.8,2009-07-01,1.06,0.56042695,-0.53,11.086,11.874,146.651,43.2202,-4.53831,-3.049328,"El Nino",-1.05025,-1.849875
2009,"JUL","Unidentified",2,1.25,0.75,2009-07-01,1.06,0.56042695,-0.53,11.086,11.874,146.651,43.2202,-4.53831,-3.049328,"El Nino",-1.05025,-1.849875
2009,"JUN","Gray whale",4,2.22222222222222,1.77777777777778,2009-06-01,0.751,0.37008104,-0.31,11.414,13.457,171.9553,37.1074,-4.77014,-2.28637,"El Nino",0.594769230769231,-0.472333333333333
2009,"JUN","Harbor porpoise",2,6,-4,2009-06-01,0.751,0.37008104,-0.31,11.414,13.457,171.9553,37.1074,-4.77014,-2.28637,"El Nino",0.594769230769231,-0.472333333333333
2009,"MAR","Harbor porpoise",4,3.46153846153846,0.538461538461538,2009-03-01,-0.705,0.3312593,-1.59,10.323,9.344,109.9466,-22.6698,-4.51882,1.356662,"La Nina",-0.943999999999999,-0.777357142857143
2009,"MAR","Fin whale",1,1,0,2009-03-01,-0.705,0.3312593,-1.59,10.323,9.344,109.9466,-22.6698,-4.51882,1.356662,"La Nina",-0.943999999999999,-0.777357142857143
2009,"MAY","Harbor porpoise",2,10,-8,2009-05-01,0.326,0.5548924,-0.88,9.912,10.874,190.2336,3.2407,-4.39315,-1.883737,"El Nino",-0.907916666666667,-1.48446666666667
2009,"MAY","Sperm whale",1,1,0,2009-05-01,0.326,0.5548924,-0.88,9.912,10.874,190.2336,3.2407,-4.39315,-1.883737,"El Nino",-0.907916666666667,-1.48446666666667
2009,"NOV","Dalls porpoise",1,1.33333333333333,-0.333333333333333,2009-11-01,1.134,1.0545827,-0.4,11.965,12.078,35.0817,-149.704,-2.02653,4.638881,"El Nino",-0.934538461538462,-0.114000000000001
2009,"OCT","Harbor porpoise",6,3.92307692307692,2.07692307692308,2009-10-01,0.924,1.1538724,0.27,11.948,13.045,76.372,-50.4866,-2.96371,1.116869,"El Nino",-1.07607692307692,-0.222799999999999
2009,"SEP","Unidentified",1,1.16666666666667,-0.166666666666667,2009-09-01,0.745,0.98406076,0.52,13.363,14.913,103.9553,2.7943,-4.17625,-0.816551,"El Nino",0.512749999999999,1.23353333333333
2009,"SEP","Harbor porpoise",9,5.5,3.5,2009-09-01,0.745,0.98406076,0.52,13.363,14.913,103.9553,2.7943,-4.17625,-0.816551,"El Nino",0.512749999999999,1.23353333333333
2009,"SEP","Dalls porpoise",1,1.16666666666667,-0.166666666666667,2009-09-01,0.745,0.98406076,0.52,13.363,14.913,103.9553,2.7943,-4.17625,-0.816551,"El Nino",0.512749999999999,1.23353333333333
2010,"APR","Harbor porpoise",1,4.86666666666667,-3.86666666666667,2010-04-01,0.978,1.1785061,0.78,11.052,11.007,97.3965,-25.8335,-2.86111,0.955694,"El Nino",0.125615384615385,0.293266666666666
2010,"APR","Humpback whale",1,1,0,2010-04-01,0.978,1.1785061,0.78,11.052,11.007,97.3965,-25.8335,-2.86111,0.955694,"El Nino",0.125615384615385,0.293266666666666
2010,"APR","Gray whale",5,2.14285714285714,2.85714285714286,2010-04-01,0.978,1.1785061,0.78,11.052,11.007,97.3965,-25.8335,-2.86111,0.955694,"El Nino",0.125615384615385,0.293266666666666
2010,"AUG","Humpback whale",1,1.28571428571429,-0.285714285714286,2010-08-01,-1.662,1.078559,-1.27,10.987,12.669,155.4346,30.9576,-4.94852,-3.149526,"La Nina",-1.559,-0.4846
2010,"AUG","Dalls porpoise",1,1.33333333333333,-0.333333333333333,2010-08-01,-1.662,1.078559,-1.27,10.987,12.669,155.4346,30.9576,-4.94852,-3.149526,"La Nina",-1.559,-0.4846
2010,"AUG","Harbor porpoise",5,9.33333333333333,-4.33333333333333,2010-08-01,-1.662,1.078559,-1.27,10.987,12.669,155.4346,30.9576,-4.94852,-3.149526,"La Nina",-1.559,-0.4846
2010,"DEC","Pacific white-sided dolphin",1,1,0,2010-12-01,-1.558,0.7793436,-1.21,12.328,10.712,-108.4812,-185.8719,NA,5.549663,"La Nina",0.145769230769231,-0.354357142857143
2010,"DEC","Bottlenose dolphin",1,1,0,2010-12-01,-1.558,0.7793436,-1.21,12.328,10.712,-108.4812,-185.8719,NA,5.549663,"La Nina",0.145769230769231,-0.354357142857143
2010,"DEC","Harbor porpoise",2,2.5,-0.5,2010-12-01,-1.558,0.7793436,-1.21,12.328,10.712,-108.4812,-185.8719,NA,5.549663,"La Nina",0.145769230769231,-0.354357142857143
2010,"DEC","Humpback whale",1,1,0,2010-12-01,-1.558,0.7793436,-1.21,12.328,10.712,-108.4812,-185.8719,NA,5.549663,"La Nina",0.145769230769231,-0.354357142857143
2010,"DEC","Other",1,1,0,2010-12-01,-1.558,0.7793436,-1.21,12.328,10.712,-108.4812,-185.8719,NA,5.549663,"La Nina",0.145769230769231,-0.354357142857143
2010,"FEB","Gray whale",1,1,0,2010-02-01,1.526,1.838936,0.82,12.024,10.973,-81.4372,-107.134,1.2811,4.218236,"El Nino",0.701153846153845,0.762846153846155
2010,"FEB","Harbor porpoise",2,2.61538461538462,-0.615384615384615,2010-02-01,1.526,1.838936,0.82,12.024,10.973,-81.4372,-107.134,1.2811,4.218236,"El Nino",0.701153846153845,0.762846153846155
2010,"FEB","Fin whale",1,1,0,2010-02-01,1.526,1.838936,0.82,12.024,10.973,-81.4372,-107.134,1.2811,4.218236,"El Nino",0.701153846153845,0.762846153846155
2010,"JAN","Gray whale",1,1.11111111111111,-0.111111111111111,2010-01-01,1.066,2.062816,0.83,12.108,10.844,-183.2976,-238.7955,4.38785,6.528087,"El Nino",0.534769230769232,0.437857142857142
2010,"JAN","Sperm whale",1,1,0,2010-01-01,1.066,2.062816,0.83,12.108,10.844,-183.2976,-238.7955,4.38785,6.528087,"El Nino",0.534769230769232,0.437857142857142
2010,"JAN","Harbor porpoise",4,2.5,1.5,2010-01-01,1.066,2.062816,0.83,12.108,10.844,-183.2976,-238.7955,4.38785,6.528087,"El Nino",0.534769230769232,0.437857142857142
2010,"JAN","Other",1,1,0,2010-01-01,1.066,2.062816,0.83,12.108,10.844,-183.2976,-238.7955,4.38785,6.528087,"El Nino",0.534769230769232,0.437857142857142
2010,"JUL","Bottlenose dolphin",1,1,0,2010-07-01,-1.099,1.14574,-1.05,10.933,12.513,195.8654,60.2981,-2.75739,-5.553091,"La Nina",-1.20325,-1.210875
2010,"JUL","Other",1,1,0,2010-07-01,-1.099,1.14574,-1.05,10.933,12.513,195.8654,60.2981,-2.75739,-5.553091,"La Nina",-1.20325,-1.210875
2010,"JUL","Gray whale",1,1.57142857142857,-0.571428571428571,2010-07-01,-1.099,1.14574,-1.05,10.933,12.513,195.8654,60.2981,-2.75739,-5.553091,"La Nina",-1.20325,-1.210875
2010,"JUL","Harbor porpoise",14,15.2,-1.2,2010-07-01,-1.099,1.14574,-1.05,10.933,12.513,195.8654,60.2981,-2.75739,-5.553091,"La Nina",-1.20325,-1.210875
2010,"JUN","Harbor porpoise",5,6,-1,2010-06-01,-0.228,1.2382194,-0.22,10.204,13.473,280.1967,15.0557,-6.73222,-3.357222,"La Nina",-0.615230769230768,-0.456333333333333
2010,"JUN","Killer whale",1,1,0,2010-06-01,-0.228,1.2382194,-0.22,10.204,13.473,280.1967,15.0557,-6.73222,-3.357222,"La Nina",-0.615230769230768,-0.456333333333333
2010,"MAR","Harbor porpoise",5,3.46153846153846,1.53846153846154,2010-03-01,1.462,1.6534425,0.44,11.732,10.841,33.3549,-53.8908,-1.25935,2.578841,"El Nino",0.465,0.719642857142857
2010,"MAY","Harbor porpoise",10,10,0,2010-05-01,0.658,1.8660371,0.62,10.131,11.98,127.5269,-11.505,-4.15121,-0.712769,"El Nino",-0.688916666666668,-0.378466666666666
2010,"MAY","Gray whale",3,2.83333333333333,0.166666666666667,2010-05-01,0.658,1.8660371,0.62,10.131,11.98,127.5269,-11.505,-4.15121,-0.712769,"El Nino",-0.688916666666668,-0.378466666666666
2010,"MAY","Unidentified",1,1.6,-0.6,2010-05-01,0.658,1.8660371,0.62,10.131,11.98,127.5269,-11.505,-4.15121,-0.712769,"El Nino",-0.688916666666668,-0.378466666666666
2010,"MAY","Minke whale",1,1,0,2010-05-01,0.658,1.8660371,0.62,10.131,11.98,127.5269,-11.505,-4.15121,-0.712769,"El Nino",-0.688916666666668,-0.378466666666666
2010,"NOV","Humpback whale",2,1.33333333333333,0.666666666666667,2010-11-01,-1.472,0.9877614,-0.82,12.109,12.084,64.1102,-77.927,-2.51564,2.10751,"La Nina",-0.790538461538462,-0.108000000000001
2010,"NOV","Bairds beaked whale",1,1,0,2010-11-01,-1.472,0.9877614,-0.82,12.109,12.084,64.1102,-77.927,-2.51564,2.10751,"La Nina",-0.790538461538462,-0.108000000000001
2010,"NOV","Striped dolphin",1,1.6,-0.6,2010-11-01,-1.472,0.9877614,-0.82,12.109,12.084,64.1102,-77.927,-2.51564,2.10751,"La Nina",-0.790538461538462,-0.108000000000001
2010,"NOV","Long-beaked common dolphin",1,1,0,2010-11-01,-1.472,0.9877614,-0.82,12.109,12.084,64.1102,-77.927,-2.51564,2.10751,"La Nina",-0.790538461538462,-0.108000000000001
2010,"NOV","Harbor porpoise",3,2.36363636363636,0.636363636363636,2010-11-01,-1.472,0.9877614,-0.82,12.109,12.084,64.1102,-77.927,-2.51564,2.10751,"La Nina",-0.790538461538462,-0.108000000000001
2010,"OCT","Harbor porpoise",4,3.92307692307692,0.0769230769230771,2010-10-01,-1.888,1.6057858,-1.06,11.667,13.085,57.4747,-77.5496,-0.8832,1.205108,"La Nina",-1.35707692307692,-0.182799999999999
2010,"OCT","Striped dolphin",1,2,-1,2010-10-01,-1.888,1.6057858,-1.06,11.667,13.085,57.4747,-77.5496,-0.8832,1.205108,"La Nina",-1.35707692307692,-0.182799999999999
2010,"SEP","Unidentified",1,1.16666666666667,-0.166666666666667,2010-09-01,-1.86,1.00388,-1.61,11.989,13.946,110.8307,-10.1919,-3.11194,0.184145,"La Nina",-0.86125,0.266533333333333
2010,"SEP","Killer whale",1,1,0,2010-09-01,-1.86,1.00388,-1.61,11.989,13.946,110.8307,-10.1919,-3.11194,0.184145,"La Nina",-0.86125,0.266533333333333
2010,"SEP","Humpback whale",1,1.25,-0.25,2010-09-01,-1.86,1.00388,-1.61,11.989,13.946,110.8307,-10.1919,-3.11194,0.184145,"La Nina",-0.86125,0.266533333333333
2010,"SEP","Harbor porpoise",3,5.5,-2.5,2010-09-01,-1.86,1.00388,-1.61,11.989,13.946,110.8307,-10.1919,-3.11194,0.184145,"La Nina",-0.86125,0.266533333333333
2011,"APR","Harbor porpoise",12,4.86666666666667,7.13333333333333,2011-04-01,-1.387,0.596072,-0.42,NA,NA,114.2945,-22.2926,NA,-0.184798,"La Nina",NA,NA
2011,"APR","Dalls porpoise",1,1,0,2011-04-01,-1.387,0.596072,-0.42,NA,NA,114.2945,-22.2926,NA,-0.184798,"La Nina",NA,NA
2011,"APR","Gray whale",3,2.14285714285714,0.857142857142857,2011-04-01,-1.387,0.596072,-0.42,NA,NA,114.2945,-22.2926,NA,-0.184798,"La Nina",NA,NA
2011,"APR","Unidentified",1,1,0,2011-04-01,-1.387,0.596072,-0.42,NA,NA,114.2945,-22.2926,NA,-0.184798,"La Nina",NA,NA
2011,"AUG","Harbor porpoise",9,9.33333333333333,-0.333333333333334,2011-08-01,-0.502,1.0362983,-1.74,11.647,12.512,197.724,33.9931,-5.23145,-3.100806,"La Nina",-0.898999999999999,-0.6416
2011,"DEC","Gray whale",1,1.14285714285714,-0.142857142857143,2011-12-01,-0.945,0.13205332,-1.79,10.791,10.002,91.3103,-16.9226,-2.22298,-0.721237,"La Nina",-1.39123076923077,-1.06435714285714
2011,"FEB","Harbor porpoise",5,2.61538461538462,2.38461538461538,2011-02-01,-1.544,0.5503248,-0.83,10.359,NA,54.7637,-51.1176,NA,0.644792,"La Nina",-0.963846153846154,NA
2011,"FEB","Killer whale",1,1,0,2011-02-01,-1.544,0.5503248,-0.83,10.359,NA,54.7637,-51.1176,NA,0.644792,"La Nina",-0.963846153846154,NA
2011,"JAN","Bottlenose dolphin",1,1,0,2011-01-01,-1.719,0.3217816,-0.92,11.133,9.729,35.384,-55.1887,NA,2.077957,"La Nina",-0.440230769230769,-0.677142857142858
2011,"JAN","Harbor porpoise",4,2.5,1.5,2011-01-01,-1.719,0.3217816,-0.92,11.133,9.729,35.384,-55.1887,NA,2.077957,"La Nina",-0.440230769230769,-0.677142857142858
2011,"JAN","Unidentified",1,1.42857142857143,-0.428571428571429,2011-01-01,-1.719,0.3217816,-0.92,11.133,9.729,35.384,-55.1887,NA,2.077957,"La Nina",-0.440230769230769,-0.677142857142858
2011,"JUL","Harbor porpoise",17,15.2,1.8,2011-07-01,-0.191,1.0352043,-1.86,13.857,14.796,220.3048,37.7367,-1.26364,-2.302742,"La Nina",1.72075,1.072125
2011,"JUL","Unidentified",1,1.25,-0.25,2011-07-01,-0.191,1.0352043,-1.86,13.857,14.796,220.3048,37.7367,-1.26364,-2.302742,"La Nina",1.72075,1.072125
2011,"JUL","Gray whale",1,1.57142857142857,-0.571428571428571,2011-07-01,-0.191,1.0352043,-1.86,13.857,14.796,220.3048,37.7367,-1.26364,-2.302742,"La Nina",1.72075,1.072125
2011,"JUN","Harbor porpoise",12,6,6,2011-06-01,-0.003,1.113308,-0.69,NA,NA,249.7771,14.861,NA,NA,"La Nina",NA,NA
2011,"JUN","Unidentified",1,1.16666666666667,-0.166666666666667,2011-06-01,-0.003,1.113308,-0.69,NA,NA,249.7771,14.861,NA,NA,"La Nina",NA,NA
2011,"JUN","Gray whale",2,2.22222222222222,-0.222222222222222,2011-06-01,-0.003,1.113308,-0.69,NA,NA,249.7771,14.861,NA,NA,"La Nina",NA,NA
2011,"JUN","Dalls porpoise",1,1,0,2011-06-01,-0.003,1.113308,-0.69,NA,NA,249.7771,14.861,NA,NA,"La Nina",NA,NA
2011,"MAR","Striped dolphin",1,2.2,-1.2,2011-03-01,-1.554,1.2027031,-0.69,NA,NA,-76.367,-177.7785,NA,6.117814,"La Nina",NA,NA
2011,"MAR","Pacific white-sided dolphin",1,1.33333333333333,-0.333333333333333,2011-03-01,-1.554,1.2027031,-0.69,NA,NA,-76.367,-177.7785,NA,6.117814,"La Nina",NA,NA
2011,"MAR","Harbor porpoise",6,3.46153846153846,2.53846153846154,2011-03-01,-1.554,1.2027031,-0.69,NA,NA,-76.367,-177.7785,NA,6.117814,"La Nina",NA,NA
2011,"MAY","Dalls porpoise",1,1.83333333333333,-0.833333333333333,2011-05-01,-0.199,1.3946886,-0.37,NA,NA,131.2312,1.5001,NA,-1.704706,"La Nina",NA,NA
2011,"MAY","Hybrid",1,1,0,2011-05-01,-0.199,1.3946886,-0.37,NA,NA,131.2312,1.5001,NA,-1.704706,"La Nina",NA,NA
2011,"MAY","Harbor porpoise",15,10,5,2011-05-01,-0.199,1.3946886,-0.37,NA,NA,131.2312,1.5001,NA,-1.704706,"La Nina",NA,NA
2011,"NOV","Short-beaked common dolphin",1,1,0,2011-11-01,-0.933,0.37422317,-2.33,12.074,12.011,-10.4267,-99.002,-1.48637,2.506863,"La Nina",-0.825538461538462,-0.181000000000001
2011,"NOV","Pacific white-sided dolphin",1,1,0,2011-11-01,-0.933,0.37422317,-2.33,12.074,12.011,-10.4267,-99.002,-1.48637,2.506863,"La Nina",-0.825538461538462,-0.181000000000001
2011,"NOV","Killer whale",1,1,0,2011-11-01,-0.933,0.37422317,-2.33,12.074,12.011,-10.4267,-99.002,-1.48637,2.506863,"La Nina",-0.825538461538462,-0.181000000000001
2011,"OCT","Harbor porpoise",4,3.92307692307692,0.0769230769230771,2011-10-01,-0.917,1.2043564,-1.34,13.231,14.467,72.4988,-24.1888,-3.01452,0.201752,"La Nina",0.206923076923077,1.1992
2011,"SEP","Harbor porpoise",8,5.5,2.5,2011-09-01,-0.751,1.3279155,-1.79,12.031,12.161,119.9296,-13.6628,-2.41569,-0.328194,"La Nina",-0.81925,-1.51846666666667
2011,"SEP","Unidentified",1,1.16666666666667,-0.166666666666667,2011-09-01,-0.751,1.3279155,-1.79,12.031,12.161,119.9296,-13.6628,-2.41569,-0.328194,"La Nina",-0.81925,-1.51846666666667
2012,"APR","Harbor porpoise",7,4.86666666666667,2.13333333333333,2012-04-01,0.11,1.9261199,-0.27,10.913,10.011,55.0543,-42.6088,-1.4185,NA,"El Nino",-0.0133846153846147,-0.702733333333335
2012,"APR","Gray whale",1,2.14285714285714,-1.14285714285714,2012-04-01,0.11,1.9261199,-0.27,10.913,10.011,55.0543,-42.6088,-1.4185,NA,"El Nino",-0.0133846153846147,-0.702733333333335
2012,"AUG","Harbor porpoise",17,9.33333333333333,7.66666666666667,2012-08-01,0.628,1.7304645,-1.93,11.317,12.966,238.5427,50.7874,-4.16344,-1.900482,"El Nino",-1.229,-0.187600000000002
2012,"DEC","Pacific white-sided dolphin",1,1,0,2012-12-01,0.111,1.200031,-0.48,12.559,11.345,-52.2983,-149.6142,-0.77497,4.464825,"El Nino",0.376769230769231,0.278642857142858
2012,"DEC","Harbor porpoise",2,2.5,-0.5,2012-12-01,0.111,1.200031,-0.48,12.559,11.345,-52.2983,-149.6142,-0.77497,4.464825,"El Nino",0.376769230769231,0.278642857142858
2012,"DEC","Sperm whale",1,1,0,2012-12-01,0.111,1.200031,-0.48,12.559,11.345,-52.2983,-149.6142,-0.77497,4.464825,"El Nino",0.376769230769231,0.278642857142858
2012,"DEC","Striped dolphin",4,2.33333333333333,1.66666666666667,2012-12-01,0.111,1.200031,-0.48,12.559,11.345,-52.2983,-149.6142,-0.77497,4.464825,"El Nino",0.376769230769231,0.278642857142858
2012,"DEC","Dalls porpoise",1,1,0,2012-12-01,0.111,1.200031,-0.48,12.559,11.345,-52.2983,-149.6142,-0.77497,4.464825,"El Nino",0.376769230769231,0.278642857142858
2012,"FEB","Killer whale",1,1,0,2012-02-01,-0.675,0.86268306,-0.85,10.327,9.168,78.4905,-74.96,-3.8569,2.395402,"La Nina",-0.995846153846154,-1.04215384615385
2012,"FEB","Unidentified",1,1,0,2012-02-01,-0.675,0.86268306,-0.85,10.327,9.168,78.4905,-74.96,-3.8569,2.395402,"La Nina",-0.995846153846154,-1.04215384615385
2012,"FEB","Northern right whale dolphin",1,1,0,2012-02-01,-0.675,0.86268306,-0.85,10.327,9.168,78.4905,-74.96,-3.8569,2.395402,"La Nina",-0.995846153846154,-1.04215384615385
2012,"FEB","Harbor porpoise",3,2.61538461538462,0.384615384615385,2012-02-01,-0.675,0.86268306,-0.85,10.327,9.168,78.4905,-74.96,-3.8569,2.395402,"La Nina",-0.995846153846154,-1.04215384615385
2012,"JAN","Harbor porpoise",1,2.5,-1.5,2012-01-01,-0.98,0.833666,-1.38,10.922,9.178,-8.3258,-126.6921,-1.25728,3.331843,"La Nina",-0.651230769230768,-1.22814285714286
2012,"JAN","Gray whale",1,1.11111111111111,-0.111111111111111,2012-01-01,-0.98,0.833666,-1.38,10.922,9.178,-8.3258,-126.6921,-1.25728,3.331843,"La Nina",-0.651230769230768,-1.22814285714286
2012,"JAN","Sperm whale",1,1,0,2012-01-01,-0.98,0.833666,-1.38,10.922,9.178,-8.3258,-126.6921,-1.25728,3.331843,"La Nina",-0.651230769230768,-1.22814285714286
2012,"JUL","Bottlenose dolphin",1,1,0,2012-07-01,1.128,1.8603463,-1.52,11.087,15.294,301.0382,48.4199,-5.46384,NA,"El Nino",-1.04925,1.570125
2012,"JUL","Dalls porpoise",1,1.6,-0.6,2012-07-01,1.128,1.8603463,-1.52,11.087,15.294,301.0382,48.4199,-5.46384,NA,"El Nino",-1.04925,1.570125
2012,"JUL","Striped dolphin",2,1.5,0.5,2012-07-01,1.128,1.8603463,-1.52,11.087,15.294,301.0382,48.4199,-5.46384,NA,"El Nino",-1.04925,1.570125
2012,"JUL","Harbor porpoise",16,15.2,0.800000000000001,2012-07-01,1.128,1.8603463,-1.52,11.087,15.294,301.0382,48.4199,-5.46384,NA,"El Nino",-1.04925,1.570125
2012,"JUN","Pacific white-sided dolphin",1,1.33333333333333,-0.333333333333333,2012-06-01,0.842,1.9381592,-0.87,10.589,14.278,294.7062,1.6712,-5.4425,NA,"El Nino",-0.230230769230769,0.348666666666666
2012,"JUN","Harbor porpoise",19,6,13,2012-06-01,0.842,1.9381592,-0.87,10.589,14.278,294.7062,1.6712,-5.4425,NA,"El Nino",-0.230230769230769,0.348666666666666
2012,"MAR","Long-beaked common dolphin",1,1.5,-0.5,2012-03-01,-0.382,1.116866,-1.05,9.882,8.743,-61.8093,-155.1543,0.91213,NA,"La Nina",-1.385,-1.37835714285714
2012,"MAR","Gray whale",1,1,0,2012-03-01,-0.382,1.116866,-1.05,9.882,8.743,-61.8093,-155.1543,0.91213,NA,"La Nina",-1.385,-1.37835714285714
2012,"MAR","Harbor porpoise",4,3.46153846153846,0.538461538461538,2012-03-01,-0.382,1.116866,-1.05,9.882,8.743,-61.8093,-155.1543,0.91213,NA,"La Nina",-1.385,-1.37835714285714
2012,"MAY","Harbor porpoise",30,10,20,2012-05-01,0.757,1.6273782,-1.26,10.019,11.395,273.2722,25.7427,-6.31696,NA,"El Nino",-0.800916666666668,-0.963466666666667
2012,"NOV","Humpback whale",1,1.33333333333333,-0.333333333333333,2012-11-01,0.141,1.4016486,-0.59,14.626,12.167,-91.4321,-152.2584,0.79026,4.90533,"El Nino",1.72646153846154,-0.0250000000000004
2012,"NOV","Harbor porpoise",7,2.36363636363636,4.63636363636364,2012-11-01,0.141,1.4016486,-0.59,14.626,12.167,-91.4321,-152.2584,0.79026,4.90533,"El Nino",1.72646153846154,-0.0250000000000004
2012,"OCT","Harbor porpoise",4,3.92307692307692,0.0769230769230771,2012-10-01,0.097,1.8664157,-0.79,14.165,11.551,42.7518,-33.4579,-1.4832,2.511989,"El Nino",1.14092307692308,-1.7168
2012,"SEP","Harbor porpoise",8,5.5,2.5,2012-09-01,0.351,1.3583578,-2.21,12.135,12.384,165.7925,48.6698,-3.0025,-2.835833,"El Nino",-0.715250000000001,-1.29546666666667
2013,"APR","Rissos",1,1,0,2013-04-01,0.09,0.4762448,-0.16,10.01,10.195,279.8581,3.4779,-5.89819,-1.764485,"El Nino",-0.916384615384615,-0.518733333333333
2013,"APR","Dalls porpoise",1,1,0,2013-04-01,0.09,0.4762448,-0.16,10.01,10.195,279.8581,3.4779,-5.89819,-1.764485,"El Nino",-0.916384615384615,-0.518733333333333
2013,"APR","Gray whale",1,2.14285714285714,-1.14285714285714,2013-04-01,0.09,0.4762448,-0.16,10.01,10.195,279.8581,3.4779,-5.89819,-1.764485,"El Nino",-0.916384615384615,-0.518733333333333
2013,"APR","Harbor porpoise",5,4.86666666666667,0.133333333333334,2013-04-01,0.09,0.4762448,-0.16,10.01,10.195,279.8581,3.4779,-5.89819,-1.764485,"El Nino",-0.916384615384615,-0.518733333333333
2013,"APR","Fin whale",1,1,0,2013-04-01,0.09,0.4762448,-0.16,10.01,10.195,279.8581,3.4779,-5.89819,-1.764485,"El Nino",-0.916384615384615,-0.518733333333333
2013,"AUG","Unidentified",1,1.14285714285714,-0.142857142857143,2013-08-01,-0.466,0.5616566,-1.04,13.171,13.127,113.235,17.1726,-2.43455,-0.885965,"La Nina",0.625,-0.0266000000000002
2013,"AUG","Harbor porpoise",11,9.33333333333333,1.66666666666667,2013-08-01,-0.466,0.5616566,-1.04,13.171,13.127,113.235,17.1726,-2.43455,-0.885965,"La Nina",0.625,-0.0266000000000002
2013,"DEC","Harbor porpoise",5,2.5,2.5,2013-12-01,-0.234,-1.4515896,-0.41,11.288,9.538,104.3454,3.2036,-4.08395,-0.686828,"La Nina",-0.894230769230768,-1.52835714285714
2013,"FEB","Harbor porpoise",1,2.61538461538462,-1.61538461538462,2013-02-01,-0.068,1.2039313,-0.43,9.844,9.311,144.5721,-36.7524,-4.86533,0.689583,"La Nina",-1.47884615384615,-0.899153846153846
2013,"FEB","Gray whale",1,1,0,2013-02-01,-0.068,1.2039313,-0.43,9.844,9.311,144.5721,-36.7524,-4.86533,0.689583,"La Nina",-1.47884615384615,-0.899153846153846
2013,"JAN","Harbor porpoise",2,2.5,-0.5,2013-01-01,0.103,1.2306213,-0.13,10.82,9.898,59.4666,-20.9783,-3.30619,0.568775,"El Nino",-0.753230769230768,-0.508142857142857
2013,"JAN","Gray whale",1,1.11111111111111,-0.111111111111111,2013-01-01,0.103,1.2306213,-0.13,10.82,9.898,59.4666,-20.9783,-3.30619,0.568775,"El Nino",-0.753230769230768,-0.508142857142857
2013,"JAN","Killer whale",2,1.5,0.5,2013-01-01,0.103,1.2306213,-0.13,10.82,9.898,59.4666,-20.9783,-3.30619,0.568775,"El Nino",-0.753230769230768,-0.508142857142857
2013,"JUL","Striped dolphin",1,1.5,-0.5,2013-07-01,-0.311,0.45131078,-1.25,11.352,11.758,288.5924,84.1982,-3.6358,-6.171371,"La Nina",-0.78425,-1.965875
2013,"JUL","Harbor porpoise",10,15.2,-5.2,2013-07-01,-0.311,0.45131078,-1.25,11.352,11.758,288.5924,84.1982,-3.6358,-6.171371,"La Nina",-0.78425,-1.965875
2013,"JUL","Cuviers beaked whale",1,1,0,2013-07-01,-0.311,0.45131078,-1.25,11.352,11.758,288.5924,84.1982,-3.6358,-6.171371,"La Nina",-0.78425,-1.965875
2013,"JUL","Gray whale",1,1.57142857142857,-0.571428571428571,2013-07-01,-0.311,0.45131078,-1.25,11.352,11.758,288.5924,84.1982,-3.6358,-6.171371,"La Nina",-0.78425,-1.965875
2013,"JUN","Sperm whale",1,1,0,2013-06-01,-0.094,0.7265816,-0.78,11.037,14.174,265.8537,18.4203,-3.86778,-1.304868,"La Nina",0.217769230769232,0.244666666666665
2013,"JUN","Fin whale",1,1,0,2013-06-01,-0.094,0.7265816,-0.78,11.037,14.174,265.8537,18.4203,-3.86778,-1.304868,"La Nina",0.217769230769232,0.244666666666665
2013,"JUN","Gray whale",1,2.22222222222222,-1.22222222222222,2013-06-01,-0.094,0.7265816,-0.78,11.037,14.174,265.8537,18.4203,-3.86778,-1.304868,"La Nina",0.217769230769232,0.244666666666665
2013,"JUN","Pacific white-sided dolphin",1,1.33333333333333,-0.333333333333333,2013-06-01,-0.094,0.7265816,-0.78,11.037,14.174,265.8537,18.4203,-3.86778,-1.304868,"La Nina",0.217769230769232,0.244666666666665
2013,"JUN","Harbor porpoise",3,6,-3,2013-06-01,-0.094,0.7265816,-0.78,11.037,14.174,265.8537,18.4203,-3.86778,-1.304868,"La Nina",0.217769230769232,0.244666666666665
2013,"MAR","Harbor porpoise",3,3.46153846153846,-0.461538461538462,2013-03-01,-0.026,0.64256865,-0.63,9.605,9.165,90.9275,-19.2453,-3.819,0.63782,"La Nina",-1.662,-0.956357142857144
2013,"MAY","Gray whale",3,2.83333333333333,0.166666666666667,2013-05-01,0.205,0.8523294,0.08,10.91,11.733,183.9128,9.3158,-4.90175,0.115457,"El Nino",0.0900833333333324,-0.625466666666666
2013,"MAY","Humpback whale",1,1,0,2013-05-01,0.205,0.8523294,0.08,10.91,11.733,183.9128,9.3158,-4.90175,0.115457,"El Nino",0.0900833333333324,-0.625466666666666
2013,"MAY","Unidentified",1,1.6,-0.6,2013-05-01,0.205,0.8523294,0.08,10.91,11.733,183.9128,9.3158,-4.90175,0.115457,"El Nino",0.0900833333333324,-0.625466666666666
2013,"MAY","Harbor porpoise",8,10,-2,2013-05-01,0.205,0.8523294,0.08,10.91,11.733,183.9128,9.3158,-4.90175,0.115457,"El Nino",0.0900833333333324,-0.625466666666666
2013,"NOV","Harbor porpoise",3,2.36363636363636,0.636363636363636,2013-11-01,-0.042,-0.804566,-0.11,12.924,11.609,63.6356,-29.1229,-2.31289,0.536857,"La Nina",0.0244615384615372,-0.583
2013,"NOV","Humpback whale",1,1.33333333333333,-0.333333333333333,2013-11-01,-0.042,-0.804566,-0.11,12.924,11.609,63.6356,-29.1229,-2.31289,0.536857,"La Nina",0.0244615384615372,-0.583
2013,"NOV","Rissos",2,2,0,2013-11-01,-0.042,-0.804566,-0.11,12.924,11.609,63.6356,-29.1229,-2.31289,0.536857,"La Nina",0.0244615384615372,-0.583
2013,"OCT","Harbor porpoise",2,3.92307692307692,-1.92307692307692,2013-10-01,0.148,-0.14729041,-0.87,11.048,14.253,132.3365,15.8949,-4.47547,-3.436425,"El Nino",-1.97607692307692,0.985200000000001
2013,"OCT","Rissos",1,1,0,2013-10-01,0.148,-0.14729041,-0.87,11.048,14.253,132.3365,15.8949,-4.47547,-3.436425,"El Nino",-1.97607692307692,0.985200000000001
2013,"OCT","Short-beaked common dolphin",1,1.33333333333333,-0.333333333333333,2013-10-01,0.148,-0.14729041,-0.87,11.048,14.253,132.3365,15.8949,-4.47547,-3.436425,"El Nino",-1.97607692307692,0.985200000000001
2013,"SEP","Harbor porpoise",2,5.5,-3.5,2013-09-01,-0.125,0.38973394,-0.48,13.911,16.042,86.0489,-37.976,-2.42601,1.192157,"La Nina",1.06075,2.36253333333334
2013,"SEP","Short-beaked common dolphin",1,1,0,2013-09-01,-0.125,0.38973394,-0.48,13.911,16.042,86.0489,-37.976,-2.42601,1.192157,"La Nina",1.06075,2.36253333333334
2014,"APR","Gray whale",2,2.14285714285714,-0.142857142857143,2014-04-01,0.295,-0.61755997,1.13,11.794,10.906,106.1267,-17.0369,-3.73805,0.282857,"El Nino",0.867615384615386,0.192266666666667
2014,"APR","Harbor porpoise",3,4.86666666666667,-1.86666666666667,2014-04-01,0.295,-0.61755997,1.13,11.794,10.906,106.1267,-17.0369,-3.73805,0.282857,"El Nino",0.867615384615386,0.192266666666667
2014,"APR","Other",1,1,0,2014-04-01,0.295,-0.61755997,1.13,11.794,10.906,106.1267,-17.0369,-3.73805,0.282857,"El Nino",0.867615384615386,0.192266666666667
2014,"AUG","Humpback whale",1,1.28571428571429,-0.285714285714286,2014-08-01,0.961,-0.54526097,0.67,13.608,11.742,182.7959,48.8752,-2.63937,-2.622581,"El Nino",1.062,-1.4116
2014,"AUG","Gray whale",1,1,0,2014-08-01,0.961,-0.54526097,0.67,13.608,11.742,182.7959,48.8752,-2.63937,-2.622581,"El Nino",1.062,-1.4116
2014,"AUG","Harbor porpoise",18,9.33333333333333,8.66666666666667,2014-08-01,0.961,-0.54526097,0.67,13.608,11.742,182.7959,48.8752,-2.63937,-2.622581,"El Nino",1.062,-1.4116
2014,"AUG","Dalls porpoise",2,1.33333333333333,0.666666666666667,2014-08-01,0.961,-0.54526097,0.67,13.608,11.742,182.7959,48.8752,-2.63937,-2.622581,"El Nino",1.062,-1.4116
2014,"DEC","Striped dolphin",2,2.33333333333333,-0.333333333333333,2014-12-01,0.566,-0.35602385,2.51,15.517,13.278,-86.6022,-135.3987,2.85882,NA,"El Nino",3.33476923076923,2.21164285714286
2014,"DEC","Harbor porpoise",1,2.5,-1.5,2014-12-01,0.566,-0.35602385,2.51,15.517,13.278,-86.6022,-135.3987,2.85882,NA,"El Nino",3.33476923076923,2.21164285714286
2014,"DEC","Gray whale",1,1.14285714285714,-0.142857142857143,2014-12-01,0.566,-0.35602385,2.51,15.517,13.278,-86.6022,-135.3987,2.85882,NA,"El Nino",3.33476923076923,2.21164285714286
2014,"DEC","Dalls porpoise",1,1,0,2014-12-01,0.566,-0.35602385,2.51,15.517,13.278,-86.6022,-135.3987,2.85882,NA,"El Nino",3.33476923076923,2.21164285714286
2014,"FEB","Striped dolphin",4,2.5,1.5,2014-02-01,-0.259,-0.26691276,0.38,11.639,9.213,-31.3558,-100.9393,0.046,2.656845,"La Nina",0.316153846153846,-0.997153846153847
2014,"FEB","Harbor porpoise",2,2.61538461538462,-0.615384615384615,2014-02-01,-0.259,-0.26691276,0.38,11.639,9.213,-31.3558,-100.9393,0.046,2.656845,"La Nina",0.316153846153846,-0.997153846153847
2014,"FEB","Dalls porpoise",1,1.5,-0.5,2014-02-01,-0.259,-0.26691276,0.38,11.639,9.213,-31.3558,-100.9393,0.046,2.656845,"La Nina",0.316153846153846,-0.997153846153847
2014,"JAN","Unidentified",1,1.42857142857143,-0.428571428571429,2014-01-01,-0.27,-0.38970667,0.3,11.323,8.885,31.7515,-57.7257,-1.79445,0.930283,"La Nina",-0.250230769230768,-1.52114285714286
2014,"JAN","Harbor porpoise",6,2.5,3.5,2014-01-01,-0.27,-0.38970667,0.3,11.323,8.885,31.7515,-57.7257,-1.79445,0.930283,"La Nina",-0.250230769230768,-1.52114285714286
2014,"JUL","Harbor porpoise",23,15.2,7.8,2014-07-01,0.921,-0.13370799,0.7,13.143,12.842,220.6155,53.7198,-3.07665,-3.632392,"El Nino",1.00675,-0.881874999999999
2014,"JUL","Humpback whale",1,1,0,2014-07-01,0.921,-0.13370799,0.7,13.143,12.842,220.6155,53.7198,-3.07665,-3.632392,"El Nino",1.00675,-0.881874999999999
2014,"JUN","Dalls porpoise",1,1,0,2014-06-01,1.046,-0.4166303,0.82,10.926,13.533,387.6814,36.4109,-5.99021,-3.188611,"El Nino",0.106769230769231,-0.396333333333335
2014,"JUN","Harbor porpoise",12,6,6,2014-06-01,1.046,-0.4166303,0.82,10.926,13.533,387.6814,36.4109,-5.99021,-3.188611,"El Nino",0.106769230769231,-0.396333333333335
2014,"JUN","Humpback whale",1,1,0,2014-06-01,1.046,-0.4166303,0.82,10.926,13.533,387.6814,36.4109,-5.99021,-3.188611,"El Nino",0.106769230769231,-0.396333333333335
2014,"JUN","Gray whale",1,2.22222222222222,-1.22222222222222,2014-06-01,1.046,-0.4166303,0.82,10.926,13.533,387.6814,36.4109,-5.99021,-3.188611,"El Nino",0.106769230769231,-0.396333333333335
2014,"MAR","Rissos",1,1.5,-0.5,2014-03-01,0.018,-0.45373875,0.97,11.724,10.281,58.3447,-77.1942,-1.6011,2.579784,"El Nino",0.457000000000001,0.159642857142858
2014,"MAR","Unidentified",1,1.2,-0.2,2014-03-01,0.018,-0.45373875,0.97,11.724,10.281,58.3447,-77.1942,-1.6011,2.579784,"El Nino",0.457000000000001,0.159642857142858
2014,"MAR","Harbor porpoise",3,3.46153846153846,-0.461538461538462,2014-03-01,0.018,-0.45373875,0.97,11.724,10.281,58.3447,-77.1942,-1.6011,2.579784,"El Nino",0.457000000000001,0.159642857142858
2014,"MAR","Gray whale",1,1,0,2014-03-01,0.018,-0.45373875,0.97,11.724,10.281,58.3447,-77.1942,-1.6011,2.579784,"El Nino",0.457000000000001,0.159642857142858
2014,"MAR","Pacific white-sided dolphin",1,1.33333333333333,-0.333333333333333,2014-03-01,0.018,-0.45373875,0.97,11.724,10.281,58.3447,-77.1942,-1.6011,2.579784,"El Nino",0.457000000000001,0.159642857142858
2014,"MAR","Striped dolphin",1,2.2,-1.2,2014-03-01,0.018,-0.45373875,0.97,11.724,10.281,58.3447,-77.1942,-1.6011,2.579784,"El Nino",0.457000000000001,0.159642857142858
2014,"MAR","Sperm whale",1,1.25,-0.25,2014-03-01,0.018,-0.45373875,0.97,11.724,10.281,58.3447,-77.1942,-1.6011,2.579784,"El Nino",0.457000000000001,0.159642857142858
2014,"MAY","Gray whale",3,2.83333333333333,0.166666666666667,2014-05-01,1.001,0.22740889,1.8,11.643,13.419,196.983,1.4276,-5.52287,-0.799034,"El Nino",0.823083333333333,1.06053333333333
2014,"MAY","Harbor porpoise",18,10,8,2014-05-01,1.001,0.22740889,1.8,11.643,13.419,196.983,1.4276,-5.52287,-0.799034,"El Nino",0.823083333333333,1.06053333333333
2014,"MAY","Humpback whale",1,1,0,2014-05-01,1.001,0.22740889,1.8,11.643,13.419,196.983,1.4276,-5.52287,-0.799034,"El Nino",0.823083333333333,1.06053333333333
2014,"NOV","Short-beaked common dolphin",1,1,0,2014-11-01,0.773,0.3108105,1.72,15.797,13.786,-4.1322,-74.8184,-0.66177,NA,"El Nino",2.89746153846154,1.594
2014,"NOV","Harbor porpoise",1,2.36363636363636,-1.36363636363636,2014-11-01,0.773,0.3108105,1.72,15.797,13.786,-4.1322,-74.8184,-0.66177,NA,"El Nino",2.89746153846154,1.594
2014,"NOV","Pacific white-sided dolphin",1,1,0,2014-11-01,0.773,0.3108105,1.72,15.797,13.786,-4.1322,-74.8184,-0.66177,NA,"El Nino",2.89746153846154,1.594
2014,"OCT","Gray whale",3,3,0,2014-10-01,0.45,0.42413825,1.49,15.16,15.851,8.3674,-73.1466,-1.11007,2.247059,"El Nino",2.13592307692308,2.5832
2014,"OCT","Harbor porpoise",3,3.92307692307692,-0.923076923076923,2014-10-01,0.45,0.42413825,1.49,15.16,15.851,8.3674,-73.1466,-1.11007,2.247059,"El Nino",2.13592307692308,2.5832
2014,"OCT","Pacific white-sided dolphin",1,1,0,2014-10-01,0.45,0.42413825,1.49,15.16,15.851,8.3674,-73.1466,-1.11007,2.247059,"El Nino",2.13592307692308,2.5832
2014,"OCT","Short-beaked common dolphin",2,1.33333333333333,0.666666666666667,2014-10-01,0.45,0.42413825,1.49,15.16,15.851,8.3674,-73.1466,-1.11007,2.247059,"El Nino",2.13592307692308,2.5832
2014,"SEP","Unidentified",1,1.16666666666667,-0.166666666666667,2014-09-01,0.593,-0.7770938,1.08,15.655,15.629,94.305,6.1141,-0.51624,-0.264167,"El Nino",2.80475,1.94953333333333
2014,"SEP","Dalls porpoise",1,1.16666666666667,-0.166666666666667,2014-09-01,0.593,-0.7770938,1.08,15.655,15.629,94.305,6.1141,-0.51624,-0.264167,"El Nino",2.80475,1.94953333333333
2014,"SEP","Minke whale",1,1,0,2014-09-01,0.593,-0.7770938,1.08,15.655,15.629,94.305,6.1141,-0.51624,-0.264167,"El Nino",2.80475,1.94953333333333
2014,"SEP","Harbor porpoise",6,5.5,0.5,2014-09-01,0.593,-0.7770938,1.08,15.655,15.629,94.305,6.1141,-0.51624,-0.264167,"El Nino",2.80475,1.94953333333333
2015,"APR","Harbor porpoise",6,4.86666666666667,1.13333333333333,2015-04-01,0.916,-1.3788626,1.44,10.997,10.681,173.3118,12.0515,-4.65509,-1.160793,"El Nino",0.070615384615385,-0.0327333333333346
2015,"APR","Short-beaked common dolphin",1,1,0,2015-04-01,0.916,-1.3788626,1.44,10.997,10.681,173.3118,12.0515,-4.65509,-1.160793,"El Nino",0.070615384615385,-0.0327333333333346
2015,"APR","Striped dolphin",1,1,0,2015-04-01,0.916,-1.3788626,1.44,10.997,10.681,173.3118,12.0515,-4.65509,-1.160793,"El Nino",0.070615384615385,-0.0327333333333346
2015,"APR","Humpback whale",1,1,0,2015-04-01,0.916,-1.3788626,1.44,10.997,10.681,173.3118,12.0515,-4.65509,-1.160793,"El Nino",0.070615384615385,-0.0327333333333346
2015,"AUG","Killer whale",1,1,0,2015-08-01,2.365,-1.9279137,1.56,NA,14.613,94.2675,21.8045,NA,-2.1631,"El Nino",NA,1.4594
2015,"AUG","Harbor porpoise",15,9.33333333333333,5.66666666666667,2015-08-01,2.365,-1.9279137,1.56,NA,14.613,94.2675,21.8045,NA,-2.1631,"El Nino",NA,1.4594
2015,"AUG","Dalls porpoise",2,1.33333333333333,0.666666666666667,2015-08-01,2.365,-1.9279137,1.56,NA,14.613,94.2675,21.8045,NA,-2.1631,"El Nino",NA,1.4594
2015,"AUG","Unidentified",1,1.14285714285714,-0.142857142857143,2015-08-01,2.365,-1.9279137,1.56,NA,14.613,94.2675,21.8045,NA,-2.1631,"El Nino",NA,1.4594
2015,"AUG","Humpback whale",1,1.28571428571429,-0.285714285714286,2015-08-01,2.365,-1.9279137,1.56,NA,14.613,94.2675,21.8045,NA,-2.1631,"El Nino",NA,1.4594
2015,"AUG","Pacific white-sided dolphin",1,1,0,2015-08-01,2.365,-1.9279137,1.56,NA,14.613,94.2675,21.8045,NA,-2.1631,"El Nino",NA,1.4594
2015,"DEC","Humpback whale",1,1,0,2015-12-01,2.12,-1.1060514,1.01,12.994,12.135,-48.2119,-225.4477,0.43723,4.527725,"El Nino",0.811769230769231,1.06864285714286
2015,"DEC","Harbor porpoise",3,2.5,0.5,2015-12-01,2.12,-1.1060514,1.01,12.994,12.135,-48.2119,-225.4477,0.43723,4.527725,"El Nino",0.811769230769231,1.06864285714286
2015,"FEB","Harbor porpoise",3,2.61538461538462,0.384615384615385,2015-02-01,0.464,-1.2735983,2.3,NA,12.272,-58.9713,-59.9299,NA,NA,"El Nino",NA,2.06184615384615
2015,"JAN","Harbor porpoise",1,2.5,-1.5,2015-01-01,0.417,-0.55092806,2.45,NA,12.377,24.25,-52.9522,NA,NA,"El Nino",NA,1.97085714285714
2015,"JAN","Gray whale",1,1.11111111111111,-0.111111111111111,2015-01-01,0.417,-0.55092806,2.45,NA,12.377,24.25,-52.9522,NA,NA,"El Nino",NA,1.97085714285714
2015,"JUL","Dalls porpoise",2,1.6,0.4,2015-07-01,1.987,-1.474117,1.84,13.871,15.103,129.4533,41.7381,-1.80329,-2.686903,"El Nino",1.73475,1.379125
2015,"JUL","Unidentified",1,1.25,-0.25,2015-07-01,1.987,-1.474117,1.84,13.871,15.103,129.4533,41.7381,-1.80329,-2.686903,"El Nino",1.73475,1.379125
2015,"JUL","Northern right whale dolphin",1,1,0,2015-07-01,1.987,-1.474117,1.84,13.871,15.103,129.4533,41.7381,-1.80329,-2.686903,"El Nino",1.73475,1.379125
2015,"JUL","Harbor porpoise",17,15.2,1.8,2015-07-01,1.987,-1.474117,1.84,13.871,15.103,129.4533,41.7381,-1.80329,-2.686903,"El Nino",1.73475,1.379125
2015,"JUN","Harbor porpoise",3,6,-3,2015-06-01,2.097,-1.2495428,1.54,11.78,12.536,243.1799,70.4342,-3.76146,-5.366901,"El Nino",0.96076923076923,-1.39333333333333
2015,"MAR","Rissos",2,1.5,0.5,2015-03-01,0.614,-1.3956342,2,12.538,11.265,76.1593,-24.8102,-3.30116,NA,"El Nino",1.271,1.14364285714286
2015,"MAR","Unidentified",1,1.2,-0.2,2015-03-01,0.614,-1.3956342,2,12.538,11.265,76.1593,-24.8102,-3.30116,NA,"El Nino",1.271,1.14364285714286
2015,"MAR","Harbor porpoise",3,3.46153846153846,-0.461538461538462,2015-03-01,0.614,-1.3956342,2,12.538,11.265,76.1593,-24.8102,-3.30116,NA,"El Nino",1.271,1.14364285714286
2015,"MAY","Pacific white-sided dolphin",2,1.25,0.75,2015-05-01,1.583,-0.7200374,1.2,10.547,12.681,200.4047,43.5523,-4.97258,-5.491542,"El Nino",-0.272916666666667,0.322533333333332
2015,"MAY","Stejnegers beaked whale",2,2,0,2015-05-01,1.583,-0.7200374,1.2,10.547,12.681,200.4047,43.5523,-4.97258,-5.491542,"El Nino",-0.272916666666667,0.322533333333332
2015,"MAY","Bairds beaked whale",1,1,0,2015-05-01,1.583,-0.7200374,1.2,10.547,12.681,200.4047,43.5523,-4.97258,-5.491542,"El Nino",-0.272916666666667,0.322533333333332
2015,"MAY","Gray whale",3,2.83333333333333,0.166666666666667,2015-05-01,1.583,-0.7200374,1.2,10.547,12.681,200.4047,43.5523,-4.97258,-5.491542,"El Nino",-0.272916666666667,0.322533333333332
2015,"MAY","Harbor porpoise",6,10,-4,2015-05-01,1.583,-0.7200374,1.2,10.547,12.681,200.4047,43.5523,-4.97258,-5.491542,"El Nino",-0.272916666666667,0.322533333333332
2015,"NOV","Striped dolphin",4,1.6,2.4,2015-11-01,2.3,-2.253835,0.86,13.157,13.315,52.0574,-46.6197,-2.88653,1.748675,"El Nino",0.257461538461538,1.123
2015,"NOV","Short-beaked common dolphin",1,1,0,2015-11-01,2.3,-2.253835,0.86,13.157,13.315,52.0574,-46.6197,-2.88653,1.748675,"El Nino",0.257461538461538,1.123
2015,"NOV","Dalls porpoise",1,1.33333333333333,-0.333333333333333,2015-11-01,2.3,-2.253835,0.86,13.157,13.315,52.0574,-46.6197,-2.88653,1.748675,"El Nino",0.257461538461538,1.123
2015,"NOV","Other",1,1,0,2015-11-01,2.3,-2.253835,0.86,13.157,13.315,52.0574,-46.6197,-2.88653,1.748675,"El Nino",0.257461538461538,1.123
2015,"NOV","Pacific white-sided dolphin",1,1,0,2015-11-01,2.3,-2.253835,0.86,13.157,13.315,52.0574,-46.6197,-2.88653,1.748675,"El Nino",0.257461538461538,1.123
2015,"NOV","Harbor porpoise",3,2.36363636363636,0.636363636363636,2015-11-01,2.3,-2.253835,0.86,13.157,13.315,52.0574,-46.6197,-2.88653,1.748675,"El Nino",0.257461538461538,1.123
2015,"OCT","Humpback whale",1,1,0,2015-10-01,2.256,-1.3069408,1.47,16.107,14.604,78.3482,-27.3152,-1.84274,1.552459,"El Nino",3.08292307692308,1.3362
2015,"OCT","Harbor porpoise",6,3.92307692307692,2.07692307692308,2015-10-01,2.256,-1.3069408,1.47,16.107,14.604,78.3482,-27.3152,-1.84274,1.552459,"El Nino",3.08292307692308,1.3362
2015,"OCT","Long-beaked common dolphin",1,1,0,2015-10-01,2.256,-1.3069408,1.47,16.107,14.604,78.3482,-27.3152,-1.84274,1.552459,"El Nino",3.08292307692308,1.3362
2015,"SEP","Striped dolphin",1,1,0,2015-09-01,2.532,-2.1044993,1.94,NA,15.323,137.5872,19.1384,NA,-2.052825,"El Nino",NA,1.64353333333333
2015,"SEP","Harbor porpoise",8,5.5,2.5,2015-09-01,2.532,-2.1044993,1.94,NA,15.323,137.5872,19.1384,NA,-2.052825,"El Nino",NA,1.64353333333333
2015,"SEP","Gray whale",1,1,0,2015-09-01,2.532,-2.1044993,1.94,NA,15.323,137.5872,19.1384,NA,-2.052825,"El Nino",NA,1.64353333333333
2016,"APR","Dalls porpoise",1,1,0,2016-04-01,2.094,-0.40044832,2.62,12.004,12.59,115.8,-10.0043,-3.40319,-0.908217,"El Nino",1.07761538461538,1.87626666666667
2016,"APR","Gray whale",2,2.14285714285714,-0.142857142857143,2016-04-01,2.094,-0.40044832,2.62,12.004,12.59,115.8,-10.0043,-3.40319,-0.908217,"El Nino",1.07761538461538,1.87626666666667
2016,"APR","Unidentified",1,1,0,2016-04-01,2.094,-0.40044832,2.62,12.004,12.59,115.8,-10.0043,-3.40319,-0.908217,"El Nino",1.07761538461538,1.87626666666667
2016,"APR","Northern right whale dolphin",1,1,0,2016-04-01,2.094,-0.40044832,2.62,12.004,12.59,115.8,-10.0043,-3.40319,-0.908217,"El Nino",1.07761538461538,1.87626666666667
2016,"APR","Harbor porpoise",2,4.86666666666667,-2.86666666666667,2016-04-01,2.094,-0.40044832,2.62,12.004,12.59,115.8,-10.0043,-3.40319,-0.908217,"El Nino",1.07761538461538,1.87626666666667
2016,"AUG","Gray whale",1,1,0,2016-08-01,0.186,-0.54382825,0.52,NA,12.62,184.2546,46.4062,-2.02285,-3.139538,"El Nino",NA,-0.533600000000002
2016,"AUG","Dalls porpoise",1,1.33333333333333,-0.333333333333333,2016-08-01,0.186,-0.54382825,0.52,NA,12.62,184.2546,46.4062,-2.02285,-3.139538,"El Nino",NA,-0.533600000000002
2016,"AUG","Humpback whale",2,1.28571428571429,0.714285714285714,2016-08-01,0.186,-0.54382825,0.52,NA,12.62,184.2546,46.4062,-2.02285,-3.139538,"El Nino",NA,-0.533600000000002
2016,"AUG","Harbor porpoise",9,9.33333333333333,-0.333333333333334,2016-08-01,0.186,-0.54382825,0.52,NA,12.62,184.2546,46.4062,-2.02285,-3.139538,"El Nino",NA,-0.533600000000002
2016,"DEC","Unidentified",2,1.33333333333333,0.666666666666667,2016-12-01,-0.11,-1.5408496,1.17,NA,12.277,29.805,-32.8953,-2.37231,1.098652,"La Nina",NA,1.21064285714286
2016,"DEC","Harbor porpoise",6,2.5,3.5,2016-12-01,-0.11,-1.5408496,1.17,NA,12.277,29.805,-32.8953,-2.37231,1.098652,"La Nina",NA,1.21064285714286
2016,"DEC","Northern right whale dolphin",1,1,0,2016-12-01,-0.11,-1.5408496,1.17,NA,12.277,29.805,-32.8953,-2.37231,1.098652,"La Nina",NA,1.21064285714286
2016,"DEC","Gray whale",1,1.14285714285714,-0.142857142857143,2016-12-01,-0.11,-1.5408496,1.17,NA,12.277,29.805,-32.8953,-2.37231,1.098652,"La Nina",NA,1.21064285714286
2016,"FEB","Harbor porpoise",2,2.61538461538462,-0.615384615384615,2016-02-01,2.17,0.22869466,1.75,13.222,11.417,9.8482,-106.2491,-1.11443,4.731079,"El Nino",1.89915384615385,1.20684615384615
2016,"FEB","Striped dolphin",3,2.5,0.5,2016-02-01,2.17,0.22869466,1.75,13.222,11.417,9.8482,-106.2491,-1.11443,4.731079,"El Nino",1.89915384615385,1.20684615384615
2016,"JAN","Striped dolphin",2,2,0,2016-01-01,2.216,0.9376462,1.53,12.892,11.412,-156.9814,-205.1295,3.99288,5.763612,"El Nino",1.31876923076923,1.00585714285714
2016,"JAN","Killer whale",1,1.5,-0.5,2016-01-01,2.216,0.9376462,1.53,12.892,11.412,-156.9814,-205.1295,3.99288,5.763612,"El Nino",1.31876923076923,1.00585714285714
2016,"JAN","Humpback whale",1,1,0,2016-01-01,2.216,0.9376462,1.53,12.892,11.412,-156.9814,-205.1295,3.99288,5.763612,"El Nino",1.31876923076923,1.00585714285714
2016,"JAN","Harbor porpoise",2,2.5,-0.5,2016-01-01,2.216,0.9376462,1.53,12.892,11.412,-156.9814,-205.1295,3.99288,5.763612,"El Nino",1.31876923076923,1.00585714285714
2016,"JAN","Unidentified",2,1.42857142857143,0.571428571428571,2016-01-01,2.216,0.9376462,1.53,12.892,11.412,-156.9814,-205.1295,3.99288,5.763612,"El Nino",1.31876923076923,1.00585714285714
2016,"JUL","Harbor porpoise",19,15.2,3.8,2016-07-01,0.354,-0.48700547,1.25,NA,15.132,289.3337,34.9409,-4.74274,-4.633129,"El Nino",NA,1.408125
2016,"JUN","Humpback whale",1,1,0,2016-06-01,1.053,-0.95813125,2.03,11.631,14.251,247.456,34.5632,-4.71903,NA,"El Nino",0.811769230769231,0.321666666666665
2016,"JUN","Dalls porpoise",1,1,0,2016-06-01,1.053,-0.95813125,2.03,11.631,14.251,247.456,34.5632,-4.71903,NA,"El Nino",0.811769230769231,0.321666666666665
2016,"JUN","Unidentified",1,1.16666666666667,-0.166666666666667,2016-06-01,1.053,-0.95813125,2.03,11.631,14.251,247.456,34.5632,-4.71903,NA,"El Nino",0.811769230769231,0.321666666666665
2016,"JUN","Harbor porpoise",5,6,-1,2016-06-01,1.053,-0.95813125,2.03,11.631,14.251,247.456,34.5632,-4.71903,NA,"El Nino",0.811769230769231,0.321666666666665
2016,"JUN","Gray whale",1,2.22222222222222,-1.22222222222222,2016-06-01,1.053,-0.95813125,2.03,11.631,14.251,247.456,34.5632,-4.71903,NA,"El Nino",0.811769230769231,0.321666666666665
2016,"MAR","Harbor porpoise",4,3.46153846153846,0.538461538461538,2016-03-01,1.963,0.4720812,2.4,12.984,11.554,-7.3882,-160.3328,0.07782,4.019515,"El Nino",1.717,1.43264285714286
2016,"MAR","Unidentified",2,1.2,0.8,2016-03-01,1.963,0.4720812,2.4,12.984,11.554,-7.3882,-160.3328,0.07782,4.019515,"El Nino",1.717,1.43264285714286
2016,"MAR","Long-beaked common dolphin",2,1.5,0.5,2016-03-01,1.963,0.4720812,2.4,12.984,11.554,-7.3882,-160.3328,0.07782,4.019515,"El Nino",1.717,1.43264285714286
2016,"MAR","Pacific white-sided dolphin",3,1.33333333333333,1.66666666666667,2016-03-01,1.963,0.4720812,2.4,12.984,11.554,-7.3882,-160.3328,0.07782,4.019515,"El Nino",1.717,1.43264285714286
2016,"MAR","Gray whale",1,1,0,2016-03-01,1.963,0.4720812,2.4,12.984,11.554,-7.3882,-160.3328,0.07782,4.019515,"El Nino",1.717,1.43264285714286
2016,"MAR","Striped dolphin",4,2.2,1.8,2016-03-01,1.963,0.4720812,2.4,12.984,11.554,-7.3882,-160.3328,0.07782,4.019515,"El Nino",1.717,1.43264285714286
2016,"MAY","Harbor porpoise",6,10,-4,2016-05-01,1.752,-0.6821762,2.35,11.584,13.303,210.3533,41.3099,-3.36398,-4.995475,"El Nino",0.764083333333332,0.944533333333334
2016,"MAY","Gray whale",1,2.83333333333333,-1.83333333333333,2016-05-01,1.752,-0.6821762,2.35,11.584,13.303,210.3533,41.3099,-3.36398,-4.995475,"El Nino",0.764083333333332,0.944533333333334
2016,"MAY","Killer whale",1,1,0,2016-05-01,1.752,-0.6821762,2.35,11.584,13.303,210.3533,41.3099,-3.36398,-4.995475,"El Nino",0.764083333333332,0.944533333333334
2016,"NOV","Pygmy sperm whale",1,1.5,-0.5,2016-11-01,-0.197,1.159299,1.88,NA,14.035,-46.9122,-151.1882,0.49499,6.117837,"La Nina",NA,1.843
2016,"NOV","Harbor porpoise",2,2.36363636363636,-0.363636363636364,2016-11-01,-0.197,1.159299,1.88,NA,14.035,-46.9122,-151.1882,0.49499,6.117837,"La Nina",NA,1.843
2016,"NOV","Striped dolphin",1,1.6,-0.6,2016-11-01,-0.197,1.159299,1.88,NA,14.035,-46.9122,-151.1882,0.49499,6.117837,"La Nina",NA,1.843
2016,"OCT","Blainvilles beaked whale",2,2,0,2016-10-01,-0.363,0.3520168,0.56,NA,13.671,-47.1461,-175.1886,1.49704,6.348707,"La Nina",NA,0.4032
2016,"OCT","Sperm whale",1,1,0,2016-10-01,-0.363,0.3520168,0.56,NA,13.671,-47.1461,-175.1886,1.49704,6.348707,"La Nina",NA,0.4032
2016,"OCT","Striped dolphin",3,2,1,2016-10-01,-0.363,0.3520168,0.56,NA,13.671,-47.1461,-175.1886,1.49704,6.348707,"La Nina",NA,0.4032
2016,"OCT","Harbor porpoise",5,3.92307692307692,1.07692307692308,2016-10-01,-0.363,0.3520168,0.56,NA,13.671,-47.1461,-175.1886,1.49704,6.348707,"La Nina",NA,0.4032
2016,"SEP","Striped dolphin",1,1,0,2016-09-01,-0.091,-0.7735456,0.45,NA,14.09,176.6932,19.2961,-4.36694,-2.378571,"La Nina",NA,0.410533333333333
2016,"SEP","Humpback whale",2,1.25,0.75,2016-09-01,-0.091,-0.7735456,0.45,NA,14.09,176.6932,19.2961,-4.36694,-2.378571,"La Nina",NA,0.410533333333333
2016,"SEP","Harbor porpoise",7,5.5,1.5,2016-09-01,-0.091,-0.7735456,0.45,NA,14.09,176.6932,19.2961,-4.36694,-2.378571,"La Nina",NA,0.410533333333333
2017,"APR","Bairds beaked whale",1,1,0,2017-04-01,0.744,-0.11361968,1.12,NA,10.758,42.8793,-75.3473,-0.99819,3.310848,"El Nino",NA,0.0442666666666653
2017,"APR","Harbor porpoise",4,4.86666666666667,-0.866666666666666,2017-04-01,0.744,-0.11361968,1.12,NA,10.758,42.8793,-75.3473,-0.99819,3.310848,"El Nino",NA,0.0442666666666653
2017,"APR","Gray whale",1,2.14285714285714,-1.14285714285714,2017-04-01,0.744,-0.11361968,1.12,NA,10.758,42.8793,-75.3473,-0.99819,3.310848,"El Nino",NA,0.0442666666666653
2017,"APR","Unidentified",1,1,0,2017-04-01,0.744,-0.11361968,1.12,NA,10.758,42.8793,-75.3473,-0.99819,3.310848,"El Nino",NA,0.0442666666666653
2017,"AUG","Striped dolphin",1,1,0,2017-08-01,0.027,-0.27865458,0.09,NA,12.11,176.8397,37.463,-2.83387,-2.872446,"El Nino",NA,-1.0436
2017,"AUG","Gray whale",1,1,0,2017-08-01,0.027,-0.27865458,0.09,NA,12.11,176.8397,37.463,-2.83387,-2.872446,"El Nino",NA,-1.0436
2017,"AUG","Harbor porpoise",7,9.33333333333333,-2.33333333333333,2017-08-01,0.027,-0.27865458,0.09,NA,12.11,176.8397,37.463,-2.83387,-2.872446,"El Nino",NA,-1.0436
2017,"AUG","Unidentified",1,1.14285714285714,-0.142857142857143,2017-08-01,0.027,-0.27865458,0.09,NA,12.11,176.8397,37.463,-2.83387,-2.872446,"El Nino",NA,-1.0436
2017,"DEC","Long-beaked common dolphin",1,1,0,2017-12-01,-0.576,-2.7983775,0.5,NA,11.183,48.5644,-31.303,-2.38965,0.67621,"La Nina",NA,0.116642857142857
2017,"DEC","Unidentified",1,1.33333333333333,-0.333333333333333,2017-12-01,-0.576,-2.7983775,0.5,NA,11.183,48.5644,-31.303,-2.38965,0.67621,"La Nina",NA,0.116642857142857
2017,"DEC","Harbor porpoise",1,2.5,-1.5,2017-12-01,-0.576,-2.7983775,0.5,NA,11.183,48.5644,-31.303,-2.38965,0.67621,"La Nina",NA,0.116642857142857
2017,"FEB","Harbor porpoise",3,2.61538461538462,0.384615384615385,2017-02-01,-0.043,-0.6709852,0.7,NA,10.462,-86.3895,-86.7601,2.05074,2.463244,"La Nina",NA,0.251846153846154
2017,"FEB","Gray whale",1,1,0,2017-02-01,-0.043,-0.6709852,0.7,NA,10.462,-86.3895,-86.7601,2.05074,2.463244,"La Nina",NA,0.251846153846154
2017,"FEB","Striped dolphin",2,2.5,-0.5,2017-02-01,-0.043,-0.6709852,0.7,NA,10.462,-86.3895,-86.7601,2.05074,2.463244,"La Nina",NA,0.251846153846154
2017,"JAN","Gray whale",2,1.11111111111111,0.888888888888889,2017-01-01,-0.052,-0.2667852,0.77,NA,10.361,-88.3785,-102.5382,1.41882,3.032974,"La Nina",NA,-0.0451428571428565
2017,"JAN","Harbor porpoise",1,2.5,-1.5,2017-01-01,-0.052,-0.2667852,0.77,NA,10.361,-88.3785,-102.5382,1.41882,3.032974,"La Nina",NA,-0.0451428571428565
2017,"JAN","Unidentified",1,1.42857142857143,-0.428571428571429,2017-01-01,-0.052,-0.2667852,0.77,NA,10.361,-88.3785,-102.5382,1.41882,3.032974,"La Nina",NA,-0.0451428571428565
2017,"JAN","Pacific white-sided dolphin",1,1.5,-0.5,2017-01-01,-0.052,-0.2667852,0.77,NA,10.361,-88.3785,-102.5382,1.41882,3.032974,"La Nina",NA,-0.0451428571428565
2017,"JUL","Humpback whale",1,1,0,2017-07-01,0.461,-0.14672896,0.1,NA,13.586,325.4934,45.0446,-5.09704,-4.42235,"El Nino",NA,-0.137874999999999
2017,"JUL","Gray whale",1,1.57142857142857,-0.571428571428571,2017-07-01,0.461,-0.14672896,0.1,NA,13.586,325.4934,45.0446,-5.09704,-4.42235,"El Nino",NA,-0.137874999999999
2017,"JUL","Harbor porpoise",10,15.2,-5.2,2017-07-01,0.461,-0.14672896,0.1,NA,13.586,325.4934,45.0446,-5.09704,-4.42235,"El Nino",NA,-0.137874999999999
2017,"JUN","Unidentified",1,1.16666666666667,-0.166666666666667,2017-06-01,1.039,-0.2239184,0.79,NA,14.282,257.5276,19.9796,-4.57403,-1.812535,"El Nino",NA,0.352666666666666
2017,"JUN","Harbor porpoise",8,6,2,2017-06-01,1.039,-0.2239184,0.79,NA,14.282,257.5276,19.9796,-4.57403,-1.812535,"El Nino",NA,0.352666666666666
2017,"JUN","Pacific white-sided dolphin",2,1.33333333333333,0.666666666666667,2017-06-01,1.039,-0.2239184,0.79,NA,14.282,257.5276,19.9796,-4.57403,-1.812535,"El Nino",NA,0.352666666666666
2017,"JUN","Gray whale",4,2.22222222222222,1.77777777777778,2017-06-01,1.039,-0.2239184,0.79,NA,14.282,257.5276,19.9796,-4.57403,-1.812535,"El Nino",NA,0.352666666666666
2017,"MAR","Striped dolphin",4,2.2,1.8,2017-03-01,-0.08,-0.894669,0.74,NA,10.391,18.6764,-75.3881,-1.03535,4.642915,"La Nina",NA,0.269642857142857
2017,"MAR","Gray whale",1,1,0,2017-03-01,-0.08,-0.894669,0.74,NA,10.391,18.6764,-75.3881,-1.03535,4.642915,"La Nina",NA,0.269642857142857
2017,"MAR","Short-beaked common dolphin",1,1,0,2017-03-01,-0.08,-0.894669,0.74,NA,10.391,18.6764,-75.3881,-1.03535,4.642915,"La Nina",NA,0.269642857142857
2017,"MAR","Pacific white-sided dolphin",1,1.33333333333333,-0.333333333333333,2017-03-01,-0.08,-0.894669,0.74,NA,10.391,18.6764,-75.3881,-1.03535,4.642915,"La Nina",NA,0.269642857142857
2017,"MAR","Harbor porpoise",2,3.46153846153846,-1.46153846153846,2017-03-01,-0.08,-0.894669,0.74,NA,10.391,18.6764,-75.3881,-1.03535,4.642915,"La Nina",NA,0.269642857142857
2017,"MAR","Sperm whale",2,1.25,0.75,2017-03-01,-0.08,-0.894669,0.74,NA,10.391,18.6764,-75.3881,-1.03535,4.642915,"La Nina",NA,0.269642857142857
2017,"MAR","Humpback whale",1,1,0,2017-03-01,-0.08,-0.894669,0.74,NA,10.391,18.6764,-75.3881,-1.03535,4.642915,"La Nina",NA,0.269642857142857
2017,"MAY","Pacific white-sided dolphin",1,1.25,-0.25,2017-05-01,1.445,-0.5071737,0.88,NA,12.232,266.4127,20.2086,-4.88343,-2.798039,"El Nino",NA,-0.126466666666667
2017,"MAY","Dalls porpoise",3,1.83333333333333,1.16666666666667,2017-05-01,1.445,-0.5071737,0.88,NA,12.232,266.4127,20.2086,-4.88343,-2.798039,"El Nino",NA,-0.126466666666667
2017,"MAY","Northern right whale dolphin",1,1,0,2017-05-01,1.445,-0.5071737,0.88,NA,12.232,266.4127,20.2086,-4.88343,-2.798039,"El Nino",NA,-0.126466666666667
2017,"MAY","Gray whale",2,2.83333333333333,-0.833333333333333,2017-05-01,1.445,-0.5071737,0.88,NA,12.232,266.4127,20.2086,-4.88343,-2.798039,"El Nino",NA,-0.126466666666667
2017,"MAY","Harbor porpoise",13,10,3,2017-05-01,1.445,-0.5071737,0.88,NA,12.232,266.4127,20.2086,-4.88343,-2.798039,"El Nino",NA,-0.126466666666667
2017,"MAY","Minke whale",1,1,0,2017-05-01,1.445,-0.5071737,0.88,NA,12.232,266.4127,20.2086,-4.88343,-2.798039,"El Nino",NA,-0.126466666666667
2017,"MAY","Fin whale",1,1.5,-0.5,2017-05-01,1.445,-0.5071737,0.88,NA,12.232,266.4127,20.2086,-4.88343,-2.798039,"El Nino",NA,-0.126466666666667
2017,"NOV","Striped dolphin",1,1.6,-0.6,2017-11-01,-0.277,-2.1840963,0.15,NA,11.871,-46.8973,-165.7943,1.37389,5.365417,"La Nina",NA,-0.321
2017,"NOV","Harbor porpoise",2,2.36363636363636,-0.363636363636364,2017-11-01,-0.277,-2.1840963,0.15,NA,11.871,-46.8973,-165.7943,1.37389,5.365417,"La Nina",NA,-0.321
2017,"OCT","Harbor porpoise",2,3.92307692307692,-1.92307692307692,2017-10-01,-0.551,-1.4277744,0.05,NA,13.286,148.1583,-21.0386,-3.9789,-0.950269,"La Nina",NA,0.0182000000000002
2017,"SEP","Long-beaked common dolphin",1,1,0,2017-09-01,-0.449,-0.5009289,0.32,NA,13.378,108.3392,14.8344,-2.73819,-1.130972,"La Nina",NA,-0.301466666666666
2017,"SEP","Harbor porpoise",2,5.5,-3.5,2017-09-01,-0.449,-0.5009289,0.32,NA,13.378,108.3392,14.8344,-2.73819,-1.130972,"La Nina",NA,-0.301466666666666
2017,"SEP","Pygmy sperm whale",1,1,0,2017-09-01,-0.449,-0.5009289,0.32,NA,13.378,108.3392,14.8344,-2.73819,-1.130972,"La Nina",NA,-0.301466666666666
2017,"SEP","Humpback whale",1,1.25,-0.25,2017-09-01,-0.449,-0.5009289,0.32,NA,13.378,108.3392,14.8344,-2.73819,-1.130972,"La Nina",NA,-0.301466666666666
2018,"APR",NA,1,1,0,2018-04-01,-0.432,NA,0.11,NA,10.561,70.5074,-52.7056,-2.31222,1.178472,"La Nina",NA,-0.152733333333334
2018,"FEB",NA,1,1,0,2018-02-01,-0.731,-2.1528158,0.37,NA,10.136,143.203,-0.3515,-6.10685,-1.299702,"La Nina",NA,-0.0741538461538465
2018,"JAN",NA,1,1,0,2018-01-01,-0.623,-1.7256228,0.7,NA,10.949,-27.1322,-159.4829,0.77419,5.125403,"La Nina",NA,0.542857142857143
2018,"JUL",NA,1,1,0,2018-07-01,NA,NA,NA,13.18,13.478,232.6991,42.986,-3.67625,-3.751902,NA,1.04375,-0.245875
2018,"JUN",NA,1,1,0,2018-06-01,0.469,NA,-0.04,11.183,15.013,329.7966,17.6055,-6.08707,-2.548611,"El Nino",0.363769230769231,1.08366666666667
2018,"MAR",NA,1,1,0,2018-03-01,-0.502,NA,-0.05,NA,9.89,13.4179,-38.2224,0.24798,1.451478,"La Nina",NA,-0.231357142857142
2018,"MAY",NA,1,1,0,2018-05-01,0.465,NA,0.11,NA,12.73,228.935,29.5673,-5.17191,-3.301882,"El Nino",NA,0.371533333333334
