Date,Year.of.Observation,Month.of.Observation,SST_39_anom_lag1,SST_44_anom_lag1,SST_39_anom_lag2,SST_44_anom_lag2,SST_39_anom_lag3,SST_44_anom_lag3,CBA_North,CBA_South,CBA_North_lag1,CBA_South_lag1,CBA_North_lag2,CBA_South_lag2,CBA_North_lag3,CBA_South_lag3
1/1/1989,1989,JAN,,,,,,,,,,,,,,
2/1/1989,1989,FEB,-1.74416,NA,,,,,,,,,,,,
3/1/1989,1989,MAR,-1.263333333,NA,-1.74416,NA,,,,,,,,,,
4/1/1989,1989,APR,-0.588666667,NA,-1.263333333,NA,-1.74416,NA,,,,,,,,
5/1/1989,1989,MAY,0.858958333,NA,-0.588666667,NA,-1.263333333,NA,,,,,,,,
6/1/1989,1989,JUN,NA,NA,0.858958333,NA,-0.588666667,NA,,,,,,,,
7/1/1989,1989,JUL,0.40012,NA,NA,NA,0.858958333,NA,,,,,,,,
8/1/1989,1989,AUG,-1.024869565,NA,0.40012,NA,NA,NA,,,,,,,,
9/1/1989,1989,SEP,-0.884458333,NA,-1.024869565,NA,0.40012,NA,,,,,,,,
10/1/1989,1989,OCT,-0.54072,NA,-0.884458333,NA,-1.024869565,NA,,,,,,,,
11/1/1989,1989,NOV,-0.442115385,NA,-0.54072,NA,-0.884458333,NA,,,,,,,,
12/1/1989,1989,DEC,-0.525615385,NA,-0.442115385,NA,-0.54072,NA,,,,,,,,
1/1/1990,1990,JAN,0.332923077,NA,-0.525615385,NA,-0.442115385,NA,,,,,,,,
2/1/1990,1990,FEB,-0.12316,NA,0.332923077,NA,-0.525615385,NA,,,,,,,,
3/1/1990,1990,MAR,-0.613333333,NA,-0.12316,NA,0.332923077,NA,,,,,,,,
4/1/1990,1990,APR,-0.576666667,NA,-0.613333333,NA,-0.12316,NA,,,,,,,,
5/1/1990,1990,MAY,0.038958333,NA,-0.576666667,NA,-0.613333333,NA,,,,,,,,
6/1/1990,1990,JUN,-0.234043478,NA,0.038958333,NA,-0.576666667,NA,,,,,,,,
7/1/1990,1990,JUL,0.37812,NA,-0.234043478,NA,0.038958333,NA,,,,,,,,
8/1/1990,1990,AUG,1.019130435,NA,0.37812,NA,-0.234043478,NA,,,,,,,,
9/1/1990,1990,SEP,0.308541667,NA,1.019130435,NA,0.37812,NA,,,,,,,,
10/1/1990,1990,OCT,2.22828,NA,0.308541667,NA,1.019130435,NA,,,,,,,,
11/1/1990,1990,NOV,-0.859115385,NA,2.22828,NA,0.308541667,NA,,,,,,,,
12/1/1990,1990,DEC,-0.789615385,NA,-0.859115385,NA,2.22828,NA,,,,,,,,
1/1/1991,1991,JAN,-1.368076923,NA,-0.789615385,NA,-0.859115385,NA,,,,,,,,
2/1/1991,1991,FEB,-0.99816,NA,-1.368076923,NA,-0.789615385,NA,,,,,,,,
3/1/1991,1991,MAR,-0.060333333,NA,-0.99816,NA,-1.368076923,NA,,,,,,,,
4/1/1991,1991,APR,-0.409666667,NA,-0.060333333,NA,-0.99816,NA,,,,,,,,
5/1/1991,1991,MAY,-0.537041667,NA,-0.409666667,NA,-0.060333333,NA,,,,,,,,
6/1/1991,1991,JUN,-1.501043478,NA,-0.537041667,NA,-0.409666667,NA,,,,,,,,
7/1/1991,1991,JUL,-1.13188,NA,-1.501043478,NA,-0.537041667,NA,,,,,,,,
8/1/1991,1991,AUG,-0.002869565,NA,-1.13188,NA,-1.501043478,NA,,,,,,,,
9/1/1991,1991,SEP,1.487541667,NA,-0.002869565,NA,-1.13188,NA,,,,,,,,
10/1/1991,1991,OCT,0.32328,NA,1.487541667,NA,-0.002869565,NA,,,,,,,,
11/1/1991,1991,NOV,NA,NA,0.32328,NA,1.487541667,NA,,,,,,,,
12/1/1991,1991,DEC,NA,-0.310958333,NA,NA,0.32328,NA,,,,,,,,
1/1/1992,1992,JAN,-0.592076923,-0.729,NA,-0.310958333,NA,NA,,,,,,,,
2/1/1992,1992,FEB,0.43184,-0.414333333,-0.592076923,-0.729,NA,-0.310958333,,,,,,,,
3/1/1992,1992,MAR,NA,0.628263158,0.43184,-0.414333333,-0.592076923,-0.729,,,,,,,,
4/1/1992,1992,APR,NA,1.4331,NA,0.628263158,0.43184,-0.414333333,,,,,,,,
5/1/1992,1992,MAY,NA,1.18835,NA,1.4331,NA,0.628263158,,,,,,,,
6/1/1992,1992,JUN,NA,0.647954545,NA,1.18835,NA,1.4331,,,,,,,,
7/1/1992,1992,JUL,3.48612,-0.103136364,NA,0.647954545,NA,1.18835,,,,,,,,
8/1/1992,1992,AUG,1.808130435,0.118409091,3.48612,-0.103136364,NA,0.647954545,,,,,,,,
9/1/1992,1992,SEP,0.239541667,0.129227273,1.808130435,0.118409091,3.48612,-0.103136364,,,,,,,,
10/1/1992,1992,OCT,0.22428,-1.558590909,0.239541667,0.129227273,1.808130435,0.118409091,,,,,,,,
11/1/1992,1992,NOV,1.729884615,-0.580521739,0.22428,-1.558590909,0.239541667,0.129227273,,,,,,,,
12/1/1992,1992,DEC,0.290384615,0.307041667,1.729884615,-0.580521739,0.22428,-1.558590909,,,,,,,,
1/1/1993,1993,JAN,0.093923077,-0.207,0.290384615,0.307041667,1.729884615,-0.580521739,,,,,,,,
2/1/1993,1993,FEB,0.14284,-0.469333333,0.093923077,-0.207,0.290384615,0.307041667,,,,,,,,
3/1/1993,1993,MAR,NA,-0.059736842,0.14284,-0.469333333,0.093923077,-0.207,,,,,,,,
4/1/1993,1993,APR,NA,0.0371,NA,-0.059736842,0.14284,-0.469333333,,,,,,,,
5/1/1993,1993,MAY,NA,0.09835,NA,0.0371,NA,-0.059736842,,,,,,,,
6/1/1993,1993,JUN,2.971956522,0.226954545,NA,0.09835,NA,0.0371,,,,,,,,
7/1/1993,1993,JUL,0.73612,0.952863636,2.971956522,0.226954545,NA,0.09835,,,,,,,,
8/1/1993,1993,AUG,-1.043869565,1.676409091,0.73612,0.952863636,2.971956522,0.226954545,,,,,,,,
9/1/1993,1993,SEP,0.252541667,0.953227273,-1.043869565,1.676409091,0.73612,0.952863636,,,,,,,,
10/1/1993,1993,OCT,-0.38872,-1.373590909,0.252541667,0.953227273,-1.043869565,1.676409091,,,,,,,,
11/1/1993,1993,NOV,-0.045115385,-0.982521739,-0.38872,-1.373590909,0.252541667,0.953227273,,,,,,,,
12/1/1993,1993,DEC,-0.268615385,-1.516958333,-0.045115385,-0.982521739,-0.38872,-1.373590909,,,,,,,,
1/1/1994,1994,JAN,0.101923077,-1.054,-0.268615385,-1.516958333,-0.045115385,-0.982521739,,,,,,,,
2/1/1994,1994,FEB,0.53384,NA,0.101923077,-1.054,-0.268615385,-1.516958333,,,,,,,,
3/1/1994,1994,MAR,0.617666667,NA,0.53384,NA,0.101923077,-1.054,,,,,,,,
4/1/1994,1994,APR,0.647333333,0.1051,0.617666667,NA,0.53384,NA,,,,,,,,
5/1/1994,1994,MAY,-0.067041667,0.31435,0.647333333,0.1051,0.617666667,NA,,,,,,,,
6/1/1994,1994,JUN,-0.480043478,0.369954545,-0.067041667,0.31435,0.647333333,0.1051,,,,,,,,
7/1/1994,1994,JUL,-0.57588,0.352863636,-0.480043478,0.369954545,-0.067041667,0.31435,,,,,,,,
8/1/1994,1994,AUG,-0.929869565,NA,-0.57588,0.352863636,-0.480043478,0.369954545,,,,,,,,
9/1/1994,1994,SEP,-1.045458333,NA,-0.929869565,NA,-0.57588,0.352863636,,,,,,,,
10/1/1994,1994,OCT,0.40728,NA,-1.045458333,NA,-0.929869565,NA,,,,,,,,
11/1/1994,1994,NOV,-0.412115385,NA,0.40728,NA,-1.045458333,NA,,,,,,,,
12/1/1994,1994,DEC,-1.531615385,NA,-0.412115385,NA,0.40728,NA,,,,,,,,
1/1/1995,1995,JAN,-1.005076923,NA,-1.531615385,NA,-0.412115385,NA,,,,,,,,
2/1/1995,1995,FEB,-0.05116,NA,-1.005076923,NA,-1.531615385,NA,,,,,,,,
3/1/1995,1995,MAR,0.748666667,NA,-0.05116,NA,-1.005076923,NA,,,,,,,,
4/1/1995,1995,APR,1.198333333,NA,0.748666667,NA,-0.05116,NA,,,,,,,,
5/1/1995,1995,MAY,0.484958333,NA,1.198333333,NA,0.748666667,NA,,,,,,,,
6/1/1995,1995,JUN,-0.519043478,-0.184045455,0.484958333,NA,1.198333333,NA,,,,,,,,
7/1/1995,1995,JUL,-1.29888,-0.776136364,-0.519043478,-0.184045455,0.484958333,NA,,,,,,,,
8/1/1995,1995,AUG,NA,1.388409091,-1.29888,-0.776136364,-0.519043478,-0.184045455,,,,,,,,
9/1/1995,1995,SEP,-0.133458333,0.889227273,NA,1.388409091,-1.29888,-0.776136364,,,,,,,,
10/1/1995,1995,OCT,0.49428,1.335409091,-0.133458333,0.889227273,NA,1.388409091,,,,,,,,
11/1/1995,1995,NOV,-0.369115385,1.899478261,0.49428,1.335409091,-0.133458333,0.889227273,,,,,,,,
12/1/1995,1995,DEC,0.736384615,0.024041667,-0.369115385,1.899478261,0.49428,1.335409091,,,,,,,,
1/1/1996,1996,JAN,1.480923077,0.937,0.736384615,0.024041667,-0.369115385,1.899478261,,,,,,,,
2/1/1996,1996,FEB,1.31484,1.207666667,1.480923077,0.937,0.736384615,0.024041667,,,,,,,,
3/1/1996,1996,MAR,1.638666667,0.742263158,1.31484,1.207666667,1.480923077,0.937,,,,,,,,
4/1/1996,1996,APR,0.568333333,0.7991,1.638666667,0.742263158,1.31484,1.207666667,,,,,,,,
5/1/1996,1996,MAY,0.935958333,0.58235,0.568333333,0.7991,1.638666667,0.742263158,,,,,,,,
6/1/1996,1996,JUN,-0.160043478,0.169954545,0.935958333,0.58235,0.568333333,0.7991,,,,,,,,
7/1/1996,1996,JUL,-0.98688,-0.174136364,-0.160043478,0.169954545,0.935958333,0.58235,,,,,,,,
8/1/1996,1996,AUG,0.286130435,-1.756590909,-0.98688,-0.174136364,-0.160043478,0.169954545,,,,,,,,
9/1/1996,1996,SEP,-0.572458333,-1.560772727,0.286130435,-1.756590909,-0.98688,-0.174136364,,,,,,,,
10/1/1996,1996,OCT,-0.39572,NA,-0.572458333,-1.560772727,0.286130435,-1.756590909,,,,,,,,
11/1/1996,1996,NOV,0.239884615,NA,-0.39572,NA,-0.572458333,-1.560772727,,,,,,,,
12/1/1996,1996,DEC,-0.303615385,NA,0.239884615,NA,-0.39572,NA,,,,,,,,
1/1/1997,1997,JAN,0.499923077,NA,-0.303615385,NA,0.239884615,NA,NA,NA,,,,,,
2/1/1997,1997,FEB,0.33584,-0.577333333,0.499923077,NA,-0.303615385,NA,0.01383368,0.021350231,NA,NA,,,,
3/1/1997,1997,MAR,0.049666667,NA,0.33584,-0.577333333,0.499923077,NA,0.30729413,-0.04084831,0.01383368,0.021350231,NA,NA,,
4/1/1997,1997,APR,-0.697666667,NA,0.049666667,NA,0.33584,-0.577333333,-0.20212223,0.12854423,0.30729413,-0.04084831,0.01383368,0.021350231,NA,NA
5/1/1997,1997,MAY,-0.011041667,NA,-0.697666667,NA,0.049666667,NA,0.04330154,-0.09840807,-0.20212223,0.12854423,0.30729413,-0.04084831,0.01383368,0.021350231
6/1/1997,1997,JUN,2.648956522,NA,-0.011041667,NA,-0.697666667,NA,-0.79967064,-0.102126695,0.04330154,-0.09840807,-0.20212223,0.12854423,0.30729413,-0.04084831
7/1/1997,1997,JUL,1.47912,NA,2.648956522,NA,-0.011041667,NA,-0.33143938,0.083475605,-0.79967064,-0.102126695,0.04330154,-0.09840807,-0.20212223,0.12854423
8/1/1997,1997,AUG,0.376130435,NA,1.47912,NA,2.648956522,NA,-0.31513625,0.19213842,-0.33143938,0.083475605,-0.79967064,-0.102126695,0.04330154,-0.09840807
9/1/1997,1997,SEP,2.744541667,NA,0.376130435,NA,1.47912,NA,-0.6890214,0.4331215,-0.31513625,0.19213842,-0.33143938,0.083475605,-0.79967064,-0.102126695
10/1/1997,1997,OCT,2.25428,4.142409091,2.744541667,NA,0.376130435,NA,-1.370657,0.39051867,-0.6890214,0.4331215,-0.31513625,0.19213842,-0.33143938,0.083475605
11/1/1997,1997,NOV,0.777884615,1.855478261,2.25428,4.142409091,2.744541667,NA,-0.67233145,0.3446108,-1.370657,0.39051867,-0.6890214,0.4331215,-0.31513625,0.19213842
12/1/1997,1997,DEC,2.734384615,1.221041667,0.777884615,1.855478261,2.25428,4.142409091,-1.0113578,0.072386295,-0.67233145,0.3446108,-1.370657,0.39051867,-0.6890214,0.4331215
1/1/1998,1998,JAN,2.350923077,1.855,2.734384615,1.221041667,0.777884615,1.855478261,-0.9116625,0.08946621,-1.0113578,0.072386295,-0.67233145,0.3446108,-1.370657,0.39051867
2/1/1998,1998,FEB,2.50884,2.033666667,2.350923077,1.855,2.734384615,1.221041667,-1.0050892,0.2844128,-0.9116625,0.08946621,-1.0113578,0.072386295,-0.67233145,0.3446108
3/1/1998,1998,MAR,2.197666667,NA,2.50884,2.033666667,2.350923077,1.855,-1.2017223,0.2657998,-1.0050892,0.2844128,-0.9116625,0.08946621,-1.0113578,0.072386295
4/1/1998,1998,APR,1.255333333,NA,2.197666667,NA,2.50884,2.033666667,-0.9909762,0.44425118,-1.2017223,0.2657998,-1.0050892,0.2844128,-0.9116625,0.08946621
5/1/1998,1998,MAY,0.555958333,NA,1.255333333,NA,2.197666667,NA,-1.1539651,0.58684736,-0.9909762,0.44425118,-1.2017223,0.2657998,-1.0050892,0.2844128
6/1/1998,1998,JUN,1.395956522,0.285954545,0.555958333,NA,1.255333333,NA,-0.54921496,0.7080867,-1.1539651,0.58684736,-0.9909762,0.44425118,-1.2017223,0.2657998
7/1/1998,1998,JUL,1.40012,-0.289136364,1.395956522,0.285954545,0.555958333,NA,-0.8293696,0.6952884,-0.54921496,0.7080867,-1.1539651,0.58684736,-0.9909762,0.44425118
8/1/1998,1998,AUG,0.594130435,1.347409091,1.40012,-0.289136364,1.395956522,0.285954545,-0.25592974,0.564127,-0.8293696,0.6952884,-0.54921496,0.7080867,-1.1539651,0.58684736
9/1/1998,1998,SEP,-0.573458333,0.790227273,0.594130435,1.347409091,1.40012,-0.289136364,-0.29535696,0.23529646,-0.25592974,0.564127,-0.8293696,0.6952884,-0.54921496,0.7080867
10/1/1998,1998,OCT,-0.28772,-0.265590909,-0.573458333,0.790227273,0.594130435,1.347409091,0.3004352,0.26030526,-0.29535696,0.23529646,-0.25592974,0.564127,-0.8293696,0.6952884
11/1/1998,1998,NOV,0.224884615,0.179478261,-0.28772,-0.265590909,-0.573458333,0.790227273,-0.5234911,-0.10323592,0.3004352,0.26030526,-0.29535696,0.23529646,-0.25592974,0.564127
12/1/1998,1998,DEC,-0.207615385,0.654041667,0.224884615,0.179478261,-0.28772,-0.265590909,NA,NA,-0.5234911,-0.10323592,0.3004352,0.26030526,-0.29535696,0.23529646
1/1/1999,1999,JAN,NA,-0.249,-0.207615385,0.654041667,0.224884615,0.179478261,0.13053368,-0.046905324,NA,NA,-0.5234911,-0.10323592,0.3004352,0.26030526
2/1/1999,1999,FEB,NA,-0.791333333,NA,-0.249,-0.207615385,0.654041667,-0.6321725,-0.023070535,0.13053368,-0.046905324,NA,NA,-0.5234911,-0.10323592
3/1/1999,1999,MAR,NA,-0.856736842,NA,-0.791333333,NA,-0.249,-0.5373222,-0.03720207,-0.6321725,-0.023070535,0.13053368,-0.046905324,NA,NA
4/1/1999,1999,APR,NA,-0.7579,NA,-0.856736842,NA,-0.791333333,0.0380571,-0.17080992,-0.5373222,-0.03720207,-0.6321725,-0.023070535,0.13053368,-0.046905324
5/1/1999,1999,MAY,NA,NA,NA,-0.7579,NA,-0.856736842,0.33092934,-0.23809336,0.0380571,-0.17080992,-0.5373222,-0.03720207,-0.6321725,-0.023070535
6/1/1999,1999,JUN,NA,NA,NA,NA,NA,-0.7579,-0.15223272,-0.1799955,0.33092934,-0.23809336,0.0380571,-0.17080992,-0.5373222,-0.03720207
7/1/1999,1999,JUL,NA,NA,NA,NA,NA,NA,0.03594151,-0.24445231,-0.15223272,-0.1799955,0.33092934,-0.23809336,0.0380571,-0.17080992
8/1/1999,1999,AUG,NA,NA,NA,NA,NA,NA,-0.029188087,-0.32070073,0.03594151,-0.24445231,-0.15223272,-0.1799955,0.33092934,-0.23809336
9/1/1999,1999,SEP,NA,NA,NA,NA,NA,NA,0.5699431,-0.185748,-0.029188087,-0.32070073,0.03594151,-0.24445231,-0.15223272,-0.1799955
10/1/1999,1999,OCT,NA,NA,NA,NA,NA,NA,-0.075414814,-0.5485003,0.5699431,-0.185748,-0.029188087,-0.32070073,0.03594151,-0.24445231
11/1/1999,1999,NOV,-0.858115385,-2.187521739,NA,NA,NA,NA,0.30914223,-0.15446927,-0.075414814,-0.5485003,0.5699431,-0.185748,-0.029188087,-0.32070073
12/1/1999,1999,DEC,-0.129615385,-0.865958333,-0.858115385,-2.187521739,NA,NA,0.21870416,-0.4218449,0.30914223,-0.15446927,-0.075414814,-0.5485003,0.5699431,-0.185748
1/1/2000,2000,JAN,-0.744076923,-0.556,-0.129615385,-0.865958333,-0.858115385,-2.187521739,-0.37079966,-0.27302754,0.21870416,-0.4218449,0.30914223,-0.15446927,-0.075414814,-0.5485003
2/1/2000,2000,FEB,-0.93416,-0.706333333,-0.744076923,-0.556,-0.129615385,-0.865958333,-0.8508392,-0.33052608,-0.37079966,-0.27302754,0.21870416,-0.4218449,0.30914223,-0.15446927
3/1/2000,2000,MAR,-0.071333333,-0.185736842,-0.93416,-0.706333333,-0.744076923,-0.556,0.121922225,-0.36338356,-0.8508392,-0.33052608,-0.37079966,-0.27302754,0.21870416,-0.4218449
4/1/2000,2000,APR,-0.916666667,-0.2329,-0.071333333,-0.185736842,-0.93416,-0.706333333,-0.21857624,-0.31640437,0.121922225,-0.36338356,-0.8508392,-0.33052608,-0.37079966,-0.27302754
5/1/2000,2000,MAY,0.098958333,-0.13565,-0.916666667,-0.2329,-0.071333333,-0.185736842,-0.28476733,-0.22798447,-0.21857624,-0.31640437,0.121922225,-0.36338356,-0.8508392,-0.33052608
6/1/2000,2000,JUN,0.001956522,0.021954545,0.098958333,-0.13565,-0.916666667,-0.2329,0.20340729,-0.21489106,-0.28476733,-0.22798447,-0.21857624,-0.31640437,0.121922225,-0.36338356
7/1/2000,2000,JUL,0.56412,-1.499136364,0.001956522,0.021954545,0.098958333,-0.13565,0.30599985,-0.13856898,0.20340729,-0.21489106,-0.28476733,-0.22798447,-0.21857624,-0.31640437
8/1/2000,2000,AUG,-0.722869565,-0.952590909,0.56412,-1.499136364,0.001956522,0.021954545,0.7472508,-0.13653222,0.30599985,-0.13856898,0.20340729,-0.21489106,-0.28476733,-0.22798447
9/1/2000,2000,SEP,-1.656458333,-0.473772727,-0.722869565,-0.952590909,0.56412,-1.499136364,0.40469307,-0.26738134,0.7472508,-0.13653222,0.30599985,-0.13856898,0.20340729,-0.21489106
10/1/2000,2000,OCT,-0.11072,-0.819590909,-1.656458333,-0.473772727,-0.722869565,-0.952590909,0.07878519,-0.23060031,0.40469307,-0.26738134,0.7472508,-0.13653222,0.30599985,-0.13856898
11/1/2000,2000,NOV,-0.664115385,-1.409521739,-0.11072,-0.819590909,-1.656458333,-0.473772727,0.28724223,0.02211963,0.07878519,-0.23060031,0.40469307,-0.26738134,0.7472508,-0.13653222
12/1/2000,2000,DEC,-0.921615385,-1.221958333,-0.664115385,-1.409521739,-0.11072,-0.819590909,-0.022795834,-0.09546713,0.28724223,0.02211963,0.07878519,-0.23060031,0.40469307,-0.26738134
1/1/2001,2001,JAN,-0.051076923,-0.913,-0.921615385,-1.221958333,-0.664115385,-1.409521739,-0.10896632,-0.1606331,-0.022795834,-0.09546713,0.28724223,0.02211963,0.07878519,-0.23060031
2/1/2001,2001,FEB,-0.44316,-0.387333333,-0.051076923,-0.913,-0.921615385,-1.221958333,-0.05942255,-0.08382609,-0.10896632,-0.1606331,-0.022795834,-0.09546713,0.28724223,0.02211963
3/1/2001,2001,MAR,-1.413333333,-0.581736842,-0.44316,-0.387333333,-0.051076923,-0.913,0.051433332,-0.29929096,-0.05942255,-0.08382609,-0.10896632,-0.1606331,-0.022795834,-0.09546713
4/1/2001,2001,APR,-0.669666667,-0.5639,-1.413333333,-0.581736842,-0.44316,-0.387333333,0.13269043,-0.30710992,0.051433332,-0.29929096,-0.05942255,-0.08382609,-0.10896632,-0.1606331
5/1/2001,2001,MAY,-1.062041667,-0.83065,-0.669666667,-0.5639,-1.413333333,-0.581736842,0.19147101,-0.2169017,0.13269043,-0.30710992,0.051433332,-0.29929096,-0.05942255,-0.08382609
6/1/2001,2001,JUN,-0.728043478,-1.152045455,-1.062041667,-0.83065,-0.669666667,-0.5639,0.069282286,-0.18212162,0.19147101,-0.2169017,0.13269043,-0.30710992,0.051433332,-0.29929096
7/1/2001,2001,JUL,-0.52188,-0.192136364,-0.728043478,-1.152045455,-1.062041667,-0.83065,0.27887484,-0.13645972,0.069282286,-0.18212162,0.19147101,-0.2169017,0.13269043,-0.30710992
8/1/2001,2001,AUG,-1.251869565,-1.642590909,-0.52188,-0.192136364,-0.728043478,-1.152045455,0.07117025,-0.23129795,0.27887484,-0.13645972,0.069282286,-0.18212162,0.19147101,-0.2169017
9/1/2001,2001,SEP,-0.202458333,0.491227273,-1.251869565,-1.642590909,-0.52188,-0.192136364,0.5061597,-0.21224244,0.07117025,-0.23129795,0.27887484,-0.13645972,0.069282286,-0.18212162
10/1/2001,2001,OCT,-0.06172,-1.189590909,-0.202458333,0.491227273,-1.251869565,-1.642590909,0.6583352,-0.08592253,0.5061597,-0.21224244,0.07117025,-0.23129795,0.27887484,-0.13645972
11/1/2001,2001,NOV,-1.035115385,-1.313521739,-0.06172,-1.189590909,-0.202458333,0.491227273,0.3049375,0.08123287,0.6583352,-0.08592253,0.5061597,-0.21224244,0.07117025,-0.23129795
12/1/2001,2001,DEC,-0.862615385,-0.750958333,-1.035115385,-1.313521739,-0.06172,-1.189590909,-0.257933,0.05026134,0.3049375,0.08123287,0.6583352,-0.08592253,0.5061597,-0.21224244
1/1/2002,2002,JAN,-0.593076923,NA,-0.862615385,-0.750958333,-1.035115385,-1.313521739,0.18839411,-0.016918682,-0.257933,0.05026134,0.3049375,0.08123287,0.6583352,-0.08592253
2/1/2002,2002,FEB,NA,NA,-0.593076923,NA,-0.862615385,-0.750958333,0.38793334,-0.099065036,0.18839411,-0.016918682,-0.257933,0.05026134,0.3049375,0.08123287
3/1/2002,2002,MAR,-0.472333333,-0.617736842,NA,NA,-0.593076923,NA,0.821346,-0.3042377,0.38793334,-0.099065036,0.18839411,-0.016918682,-0.257933,0.05026134
4/1/2002,2002,APR,-0.477666667,-0.8469,-0.472333333,-0.617736842,NA,NA,0.44889185,-0.22024336,0.821346,-0.3042377,0.38793334,-0.099065036,0.18839411,-0.016918682
5/1/2002,2002,MAY,-0.560041667,-1.00165,-0.477666667,-0.8469,-0.472333333,-0.617736842,0.09637395,-0.18820494,0.44889185,-0.22024336,0.821346,-0.3042377,0.38793334,-0.099065036
6/1/2002,2002,JUN,-0.419043478,-0.992045455,-0.560041667,-1.00165,-0.477666667,-0.8469,-0.23290293,-0.19910787,0.09637395,-0.18820494,0.44889185,-0.22024336,0.821346,-0.3042377
7/1/2002,2002,JUL,-0.78488,0.067863636,-0.419043478,-0.992045455,-0.560041667,-1.00165,0.29999524,-0.24048406,-0.23290293,-0.19910787,0.09637395,-0.18820494,0.44889185,-0.22024336
8/1/2002,2002,AUG,-0.872869565,-0.832590909,-0.78488,0.067863636,-0.419043478,-0.992045455,0.60787636,-0.2735591,0.29999524,-0.24048406,-0.23290293,-0.19910787,0.09637395,-0.18820494
9/1/2002,2002,SEP,-0.487458333,-1.629772727,-0.872869565,-0.832590909,-0.78488,0.067863636,0.54640186,0.07199413,0.60787636,-0.2735591,0.29999524,-0.24048406,-0.23290293,-0.19910787
10/1/2002,2002,OCT,-0.72072,-1.592590909,-0.487458333,-1.629772727,-0.872869565,-0.832590909,0.21577555,0.15370852,0.54640186,0.07199413,0.60787636,-0.2735591,0.29999524,-0.24048406
11/1/2002,2002,NOV,-0.679115385,-2.388521739,-0.72072,-1.592590909,-0.487458333,-1.629772727,-0.35752916,0.015843982,0.21577555,0.15370852,0.54640186,0.07199413,0.60787636,-0.2735591
12/1/2002,2002,DEC,-0.169615385,-0.954958333,-0.679115385,-2.388521739,-0.72072,-1.592590909,-0.41218853,0.055502083,-0.35752916,0.015843982,0.21577555,0.15370852,0.54640186,0.07199413
1/1/2003,2003,JAN,0.322923077,0.963,-0.169615385,-0.954958333,-0.679115385,-2.388521739,0.26162747,0.6397739,-0.41218853,0.055502083,-0.35752916,0.015843982,0.21577555,0.15370852
2/1/2003,2003,FEB,0.82484,0.757666667,0.322923077,0.963,-0.169615385,-0.954958333,0.1817,0.41464236,0.26162747,0.6397739,-0.41218853,0.055502083,-0.35752916,0.015843982
3/1/2003,2003,MAR,0.778666667,0.484263158,0.82484,0.757666667,0.322923077,0.963,-0.42117622,0.36280674,0.1817,0.41464236,0.26162747,0.6397739,-0.41218853,0.055502083
4/1/2003,2003,APR,0.441333333,0.4311,0.778666667,0.484263158,0.82484,0.757666667,0.32326266,0.05008997,-0.42117622,0.36280674,0.1817,0.41464236,0.26162747,0.6397739
5/1/2003,2003,MAY,0.382958333,0.08935,0.441333333,0.4311,0.778666667,0.484263158,0.04577395,0.14440894,0.32326266,0.05008997,-0.42117622,0.36280674,0.1817,0.41464236
6/1/2003,2003,JUN,-0.631043478,0.375954545,0.382958333,0.08935,0.441333333,0.4311,-0.16092515,-0.048141204,0.04577395,0.14440894,0.32326266,0.05008997,-0.42117622,0.36280674
7/1/2003,2003,JUL,-0.74688,-0.377136364,-0.631043478,0.375954545,0.382958333,0.08935,-0.4374492,-0.06139888,-0.16092515,-0.048141204,0.04577395,0.14440894,0.32326266,0.05008997
8/1/2003,2003,AUG,-1.530869565,0.149409091,-0.74688,-0.377136364,-0.631043478,0.375954545,-0.08090694,0.18307422,-0.4374492,-0.06139888,-0.16092515,-0.048141204,0.04577395,0.14440894
9/1/2003,2003,SEP,0.857541667,-0.083772727,-1.530869565,0.149409091,-0.74688,-0.377136364,-0.14368148,-0.15331142,-0.08090694,0.18307422,-0.4374492,-0.06139888,-0.16092515,-0.048141204
10/1/2003,2003,OCT,-0.80672,-1.971590909,0.857541667,-0.083772727,-1.530869565,0.149409091,-0.9306125,0.124510646,-0.14368148,-0.15331142,-0.08090694,0.18307422,-0.4374492,-0.06139888
11/1/2003,2003,NOV,-0.664115385,0.242478261,-0.80672,-1.971590909,0.857541667,-0.083772727,-0.371633,0.19317245,-0.9306125,0.124510646,-0.14368148,-0.15331142,-0.08090694,0.18307422
12/1/2003,2003,DEC,-0.855615385,-0.239958333,-0.664115385,0.242478261,-0.80672,-1.971590909,-0.45050588,0.3426517,-0.371633,0.19317245,-0.9306125,0.124510646,-0.14368148,-0.15331142
1/1/2004,2004,JAN,-0.147076923,0.08,-0.855615385,-0.239958333,-0.664115385,0.242478261,0.28494444,0.3780609,-0.45050588,0.3426517,-0.371633,0.19317245,-0.9306125,0.124510646
2/1/2004,2004,FEB,0.10784,0.103666667,-0.147076923,0.08,-0.855615385,-0.239958333,0.5500238,0.2264373,0.28494444,0.3780609,-0.45050588,0.3426517,-0.371633,0.19317245
3/1/2004,2004,MAR,0.082666667,0.071263158,0.10784,0.103666667,-0.147076923,0.08,0.40298766,0.25475386,0.5500238,0.2264373,0.28494444,0.3780609,-0.45050588,0.3426517
4/1/2004,2004,APR,-0.153666667,0.3401,0.082666667,0.071263158,0.10784,0.103666667,-0.105692714,0.104383014,0.40298766,0.25475386,0.5500238,0.2264373,0.28494444,0.3780609
5/1/2004,2004,MAY,0.442958333,0.36335,-0.153666667,0.3401,0.082666667,0.071263158,-0.009925154,0.24839768,-0.105692714,0.104383014,0.40298766,0.25475386,0.5500238,0.2264373
6/1/2004,2004,JUN,0.899956522,1.702954545,0.442958333,0.36335,-0.153666667,0.3401,-0.5586381,0.18603538,-0.009925154,0.24839768,-0.105692714,0.104383014,0.40298766,0.25475386
7/1/2004,2004,JUL,-0.44888,1.255863636,0.899956522,1.702954545,0.442958333,0.36335,-0.6377236,0.105474226,-0.5586381,0.18603538,-0.009925154,0.24839768,-0.105692714,0.104383014
8/1/2004,2004,AUG,1.427130435,0.944409091,-0.44888,1.255863636,0.899956522,1.702954545,-0.16909815,0.17580524,-0.6377236,0.105474226,-0.5586381,0.18603538,-0.009925154,0.24839768
9/1/2004,2004,SEP,1.296541667,1.014227273,1.427130435,0.944409091,-0.44888,1.255863636,-0.30495778,-0.031647038,-0.16909815,0.17580524,-0.6377236,0.105474226,-0.5586381,0.18603538
10/1/2004,2004,OCT,-0.64872,1.513409091,1.296541667,1.014227273,1.427130435,0.944409091,-0.5091958,0.3868884,-0.30495778,-0.031647038,-0.16909815,0.17580524,-0.6377236,0.105474226
11/1/2004,2004,NOV,-0.006115385,0.171478261,-0.64872,1.513409091,1.296541667,1.014227273,-0.42514965,0.46554467,-0.5091958,0.3868884,-0.30495778,-0.031647038,-0.16909815,0.17580524
12/1/2004,2004,DEC,0.010384615,-0.510958333,-0.006115385,0.171478261,-0.64872,1.513409091,-0.7344059,0.30000725,-0.42514965,0.46554467,-0.5091958,0.3868884,-0.30495778,-0.031647038
1/1/2005,2005,JAN,-0.049076923,-0.632,0.010384615,-0.510958333,-0.006115385,0.171478261,-0.8188556,0.6402609,-0.7344059,0.30000725,-0.42514965,0.46554467,-0.5091958,0.3868884
2/1/2005,2005,FEB,0.61884,NA,-0.049076923,-0.632,0.010384615,-0.510958333,-1.1935263,0.64729565,-0.8188556,0.6402609,-0.7344059,0.30000725,-0.42514965,0.46554467
3/1/2005,2005,MAR,0.995666667,NA,0.61884,NA,-0.049076923,-0.632,-1.5345651,0.64685476,-1.1935263,0.64729565,-0.8188556,0.6402609,-0.7344059,0.30000725
4/1/2005,2005,APR,1.670333333,NA,0.995666667,NA,0.61884,NA,-1.1262094,0.60484225,-1.5345651,0.64685476,-1.1935263,0.64729565,-0.8188556,0.6402609
5/1/2005,2005,MAY,0.960958333,0.78235,1.670333333,NA,0.995666667,NA,-0.19894183,0.5448699,-1.1262094,0.60484225,-1.5345651,0.64685476,-1.1935263,0.64729565
6/1/2005,2005,JUN,1.860956522,1.214954545,0.960958333,0.78235,1.670333333,NA,-0.16482697,0.28880852,-0.19894183,0.5448699,-1.1262094,0.60484225,-1.5345651,0.64685476
7/1/2005,2005,JUL,-0.06188,1.712863636,1.860956522,1.214954545,0.960958333,0.78235,0.053709723,0.37820756,-0.16482697,0.28880852,-0.19894183,0.5448699,-1.1262094,0.60484225
8/1/2005,2005,AUG,-0.013869565,0.690409091,-0.06188,1.712863636,1.860956522,1.214954545,-0.06798148,0.13957746,0.053709723,0.37820756,-0.16482697,0.28880852,-0.19894183,0.5448699
9/1/2005,2005,SEP,-0.681458333,-0.778772727,-0.013869565,0.690409091,-0.06188,1.712863636,0.4306089,0.1240863,-0.06798148,0.13957746,0.053709723,0.37820756,-0.16482697,0.28880852
10/1/2005,2005,OCT,-0.90572,-1.511590909,-0.681458333,-0.778772727,-0.013869565,0.690409091,NA,NA,0.4306089,0.1240863,-0.06798148,0.13957746,0.053709723,0.37820756
11/1/2005,2005,NOV,-0.370115385,-0.214521739,-0.90572,-1.511590909,-0.681458333,-0.778772727,-0.40659964,-0.076238655,NA,NA,0.4306089,0.1240863,-0.06798148,0.13957746
12/1/2005,2005,DEC,-0.337615385,-0.214958333,-0.370115385,-0.214521739,-0.90572,-1.511590909,0.090627454,0.1648517,-0.40659964,-0.076238655,NA,NA,0.4306089,0.1240863
1/1/2006,2006,JAN,0.775923077,-0.324,-0.337615385,-0.214958333,-0.370115385,-0.214521739,-0.39975557,-0.020957625,0.090627454,0.1648517,-0.40659964,-0.076238655,NA,NA
2/1/2006,2006,FEB,1.03784,1.098666667,0.775923077,-0.324,-0.337615385,-0.214958333,-0.6223012,-0.011273817,-0.39975557,-0.020957625,0.090627454,0.1648517,-0.40659964,-0.076238655
3/1/2006,2006,MAR,0.332666667,0.258263158,1.03784,1.098666667,0.775923077,-0.324,0.18079934,0.17680886,-0.6223012,-0.011273817,-0.39975557,-0.020957625,0.090627454,0.1648517
4/1/2006,2006,APR,0.165333333,0.0741,0.332666667,0.258263158,1.03784,1.098666667,0.17520729,0.045525607,0.18079934,0.17680886,-0.6223012,-0.011273817,-0.39975557,-0.020957625
5/1/2006,2006,MAY,0.986958333,0.33235,0.165333333,0.0741,0.332666667,0.258263158,-0.12497515,0.036378242,0.17520729,0.045525607,0.18079934,0.17680886,-0.6223012,-0.011273817
6/1/2006,2006,JUN,NA,-0.374045455,0.986958333,0.33235,0.165333333,0.0741,0.35582858,0.110138156,-0.12497515,0.036378242,0.17520729,0.045525607,0.18079934,0.17680886
7/1/2006,2006,JUL,NA,0.248863636,NA,-0.374045455,0.986958333,0.33235,0.042693056,-0.10996466,0.35582858,0.110138156,-0.12497515,0.036378242,0.17520729,0.045525607
8/1/2006,2006,AUG,NA,-0.982590909,NA,0.248863636,NA,-0.374045455,-0.23804815,0.6299997,0.042693056,-0.10996466,0.35582858,0.110138156,-0.12497515,0.036378242
9/1/2006,2006,SEP,NA,-1.317772727,NA,-0.982590909,NA,0.248863636,-0.2617578,0.042597406,-0.23804815,0.6299997,0.042693056,-0.10996466,0.35582858,0.110138156
10/1/2006,2006,OCT,-1.55072,-0.219590909,NA,-1.317772727,NA,-0.982590909,0.15897083,-0.001061574,-0.2617578,0.042597406,-0.23804815,0.6299997,0.042693056,-0.10996466
11/1/2006,2006,NOV,0.538884615,-1.808521739,-1.55072,-0.219590909,NA,-1.317772727,0.554267,-0.062927544,0.15897083,-0.001061574,-0.2617578,0.042597406,-0.23804815,0.6299997
12/1/2006,2006,DEC,0.374384615,-0.461958333,0.538884615,-1.808521739,-1.55072,-0.219590909,-0.25149754,-0.15655942,0.554267,-0.062927544,0.15897083,-0.001061574,-0.2617578,0.042597406
1/1/2007,2007,JAN,-0.141076923,0.09,0.374384615,-0.461958333,0.538884615,-1.808521739,0.19754444,-0.316228,-0.25149754,-0.15655942,0.554267,-0.062927544,0.15897083,-0.001061574
2/1/2007,2007,FEB,-0.82816,-0.659333333,-0.141076923,0.09,0.374384615,-0.461958333,0.11316821,-0.26205623,0.19754444,-0.316228,-0.25149754,-0.15655942,0.554267,-0.062927544
3/1/2007,2007,MAR,-0.415333333,-0.577736842,-0.82816,-0.659333333,-0.141076923,0.09,0.31605434,-0.15427947,0.11316821,-0.26205623,0.19754444,-0.316228,-0.25149754,-0.15655942
4/1/2007,2007,APR,-0.422666667,-0.0739,-0.415333333,-0.577736842,-0.82816,-0.659333333,0.14115173,-0.12507625,0.31605434,-0.15427947,0.11316821,-0.26205623,0.19754444,-0.316228
5/1/2007,2007,MAY,-0.857041667,-0.22865,-0.422666667,-0.0739,-0.415333333,-0.577736842,0.036174845,0.00027,0.14115173,-0.12507625,0.31605434,-0.15427947,0.11316821,-0.26205623
6/1/2007,2007,JUN,-0.959043478,-0.881045455,-0.857041667,-0.22865,-0.422666667,-0.0739,0.08292858,0.19364926,0.036174845,0.00027,0.14115173,-0.12507625,0.31605434,-0.15427947
7/1/2007,2007,JUL,-0.30188,0.363863636,-0.959043478,-0.881045455,-0.857041667,-0.22865,-0.25669026,0.020113118,0.08292858,0.19364926,0.036174845,0.00027,0.14115173,-0.12507625
8/1/2007,2007,AUG,NA,2.472409091,-0.30188,0.363863636,-0.959043478,-0.881045455,-0.13489814,-0.30661696,-0.25669026,0.020113118,0.08292858,0.19364926,0.036174845,0.00027
9/1/2007,2007,SEP,1.675541667,1.441227273,NA,2.472409091,-0.30188,0.363863636,0.24054222,-0.49075815,-0.13489814,-0.30661696,-0.25669026,0.020113118,0.08292858,0.19364926
10/1/2007,2007,OCT,0.40928,-0.518590909,1.675541667,1.441227273,NA,2.472409091,NA,NA,0.24054222,-0.49075815,-0.13489814,-0.30661696,-0.25669026,0.020113118
11/1/2007,2007,NOV,0.433884615,-0.702521739,0.40928,-0.518590909,1.675541667,1.441227273,0.13033368,-0.2444331,NA,NA,0.24054222,-0.49075815,-0.13489814,-0.30661696
12/1/2007,2007,DEC,-0.700615385,-0.834958333,0.433884615,-0.702521739,0.40928,-0.518590909,0.5528608,-0.47198164,0.13033368,-0.2444331,NA,NA,0.24054222,-0.49075815
1/1/2008,2008,JAN,-1.753076923,NA,-0.700615385,-0.834958333,0.433884615,-0.702521739,0.66051114,-0.27467245,0.5528608,-0.47198164,0.13033368,-0.2444331,NA,NA
2/1/2008,2008,FEB,-1.32616,NA,-1.753076923,NA,-0.700615385,-0.834958333,0.5663821,-0.28074604,0.66051114,-0.27467245,0.5528608,-0.47198164,0.13033368,-0.2444331
3/1/2008,2008,MAR,-1.053333333,NA,-1.32616,NA,-1.753076923,NA,0.28270155,-0.23809336,0.5663821,-0.28074604,0.66051114,-0.27467245,0.5528608,-0.47198164
4/1/2008,2008,APR,-1.311666667,-1.1259,-1.053333333,NA,-1.32616,NA,0.30127394,-0.21489106,0.28270155,-0.23809336,0.5663821,-0.28074604,0.66051114,-0.27467245
5/1/2008,2008,MAY,-1.683041667,-1.40765,-1.311666667,-1.1259,-1.053333333,NA,0.22049707,-0.21075602,0.30127394,-0.21489106,0.28270155,-0.23809336,0.5663821,-0.28074604
6/1/2008,2008,JUN,-1.418043478,-0.767045455,-1.683041667,-1.40765,-1.311666667,-1.1259,-0.07878253,-0.22064333,0.22049707,-0.21075602,0.30127394,-0.21489106,0.28270155,-0.23809336
7/1/2008,2008,JUL,-1.80888,-1.408136364,-1.418043478,-0.767045455,-1.683041667,-1.40765,0.36875138,-0.17820077,-0.07878253,-0.22064333,0.22049707,-0.21075602,0.30127394,-0.21489106
8/1/2008,2008,AUG,-0.279869565,-2.295590909,-1.80888,-1.408136364,-1.418043478,-0.767045455,0.18053518,-0.05783364,0.36875138,-0.17820077,-0.07878253,-0.22064333,0.22049707,-0.21075602
9/1/2008,2008,SEP,-0.807458333,1.504227273,-0.279869565,-2.295590909,-1.80888,-1.408136364,0.11134222,0.16865297,0.18053518,-0.05783364,0.36875138,-0.17820077,-0.07878253,-0.22064333
10/1/2008,2008,OCT,-0.19272,-1.605590909,-0.807458333,1.504227273,-0.279869565,-2.295590909,0.7900208,-0.29455045,0.11134222,0.16865297,0.18053518,-0.05783364,0.36875138,-0.17820077
11/1/2008,2008,NOV,-0.986115385,0.028478261,-0.19272,-1.605590909,-0.807458333,1.504227273,0.3639837,-0.18100533,0.7900208,-0.29455045,0.11134222,0.16865297,0.18053518,-0.05783364
12/1/2008,2008,DEC,0.053384615,0.361041667,-0.986115385,0.028478261,-0.19272,-1.605590909,-0.13198921,-0.43533164,0.3639837,-0.18100533,0.7900208,-0.29455045,0.11134222,0.16865297
1/1/2009,2009,JAN,-0.725076923,-0.401,0.053384615,0.361041667,-0.986115385,0.028478261,0.53301114,-0.38218355,-0.13198921,-0.43533164,0.3639837,-0.18100533,0.7900208,-0.29455045
2/1/2009,2009,FEB,-0.71816,-1.029333333,-0.725076923,-0.401,0.053384615,0.361041667,0.62426823,-0.2968229,0.53301114,-0.38218355,-0.13198921,-0.43533164,0.3639837,-0.18100533
3/1/2009,2009,MAR,-0.930333333,-1.149736842,-0.71816,-1.029333333,-0.725076923,-0.401,0.12855712,-0.17050077,0.62426823,-0.2968229,0.53301114,-0.38218355,-0.13198921,-0.43533164
4/1/2009,2009,APR,-0.892666667,-0.7719,-0.930333333,-1.149736842,-0.71816,-1.029333333,0.115707286,-0.1963855,0.12855712,-0.17050077,0.62426823,-0.2968229,0.53301114,-0.38218355
5/1/2009,2009,MAY,-1.842041667,-1.10465,-0.892666667,-0.7719,-0.930333333,-1.149736842,0.20320818,-0.1348801,0.115707286,-0.1963855,0.12855712,-0.17050077,0.62426823,-0.2968229
6/1/2009,2009,JUN,-1.156043478,-1.419045455,-1.842041667,-1.10465,-0.892666667,-0.7719,-0.3028714,-0.12686184,0.20320818,-0.1348801,0.115707286,-0.1963855,0.12855712,-0.17050077
7/1/2009,2009,JUL,0.36312,-0.234136364,-1.156043478,-1.419045455,-1.842041667,-1.10465,-0.28255695,-0.27190354,-0.3028714,-0.12686184,0.20320818,-0.1348801,0.115707286,-0.1963855
8/1/2009,2009,AUG,-0.794869565,-1.830590909,0.36312,-0.234136364,-1.156043478,-1.419045455,-0.07613148,-0.26520032,-0.28255695,-0.27190354,-0.3028714,-0.12686184,0.20320818,-0.1348801
9/1/2009,2009,SEP,-0.055458333,0.774227273,-0.794869565,-1.830590909,0.36312,-0.234136364,0.19854222,-0.07724148,-0.07613148,-0.26520032,-0.28255695,-0.27190354,-0.3028714,-0.12686184
10/1/2009,2009,OCT,0.22728,1.306409091,-0.055458333,0.774227273,-0.794869565,-1.830590909,NA,NA,0.19854222,-0.07724148,-0.07613148,-0.26520032,-0.28255695,-0.27190354
11/1/2009,2009,NOV,-0.892115385,0.130478261,0.22728,1.306409091,-0.055458333,0.774227273,-0.63008296,0.401528,NA,NA,0.19854222,-0.07724148,-0.07613148,-0.26520032
12/1/2009,2009,DEC,-0.784615385,0.107041667,-0.892115385,0.130478261,0.22728,1.306409091,0.040560786,0.2391739,-0.63008296,0.401528,NA,NA,0.19854222,-0.07724148
1/1/2010,2010,JAN,-0.791076923,-0.72,-0.784615385,0.107041667,-0.892115385,0.130478261,-0.7942889,0.33103868,0.040560786,0.2391739,-0.63008296,0.401528,NA,NA
2/1/2010,2010,FEB,0.45984,0.487666667,-0.791076923,-0.72,-0.784615385,0.107041667,-0.18078734,0.5433623,-0.7942889,0.33103868,0.040560786,0.2391739,-0.63008296,0.401528
3/1/2010,2010,MAR,0.596666667,0.834263158,0.45984,0.487666667,-0.791076923,-0.72,0.22326267,0.34303442,-0.18078734,0.5433623,-0.7942889,0.33103868,0.040560786,0.2391739
4/1/2010,2010,APR,0.516333333,0.7251,0.596666667,0.834263158,0.45984,0.487666667,0.25004897,0.09882283,0.22326267,0.34303442,-0.18078734,0.5433623,-0.7942889,0.33103868
5/1/2010,2010,MAY,0.068958333,0.26835,0.516333333,0.7251,0.596666667,0.834263158,0.2970304,0.04281065,0.25004897,0.09882283,0.22326267,0.34303442,-0.18078734,0.5433623
6/1/2010,2010,JUN,-0.937043478,-0.313045455,0.068958333,0.26835,0.516333333,0.7251,0.23257858,0.007229825,0.2970304,0.04281065,0.25004897,0.09882283,0.22326267,0.34303442
7/1/2010,2010,JUL,-0.84688,-0.218136364,-0.937043478,-0.313045455,0.068958333,0.26835,0.44059306,0.13608535,0.23257858,0.007229825,0.2970304,0.04281065,0.25004897,0.09882283
8/1/2010,2010,AUG,-0.947869565,-1.191590909,-0.84688,-0.218136364,-0.937043478,-0.313045455,0.033368517,-0.20231143,0.44059306,0.13608535,0.23257858,0.007229825,0.2970304,0.04281065
9/1/2010,2010,SEP,-1.511458333,-0.529772727,-0.947869565,-1.191590909,-0.84688,-0.218136364,0.13725416,-0.08677269,0.033368517,-0.20231143,0.44059306,0.13608535,0.23257858,0.007229825
10/1/2010,2010,OCT,-1.14672,0.339409091,-1.511458333,-0.529772727,-0.947869565,-1.191590909,0.5375337,0.03427801,0.13725416,-0.08677269,0.033368517,-0.20231143,0.44059306,0.13608535
11/1/2010,2010,NOV,-1.173115385,0.170478261,-1.14672,0.339409091,-1.511458333,-0.529772727,1.0019941,-0.38765943,0.5375337,0.03427801,0.13725416,-0.08677269,0.033368517,-0.20231143
12/1/2010,2010,DEC,-0.640615385,0.113041667,-1.173115385,0.170478261,-1.14672,0.339409091,0.7288945,-0.24568911,1.0019941,-0.38765943,0.5375337,0.03427801,0.13725416,-0.08677269
1/1/2011,2011,JAN,0.081923077,-0.349,-0.640615385,0.113041667,-1.173115385,0.170478261,0.8516904,-0.056165483,0.7288945,-0.24568911,1.0019941,-0.38765943,0.5375337,0.03427801
2/1/2011,2011,FEB,-0.51516,-0.627333333,0.081923077,-0.349,-0.640615385,0.113041667,0.35397935,-0.192923,0.8516904,-0.056165483,0.7288945,-0.24568911,1.0019941,-0.38765943
3/1/2011,2011,MAR,-1.068333333,NA,-0.51516,-0.627333333,0.081923077,-0.349,0.4829406,-0.08690217,0.35397935,-0.192923,0.8516904,-0.056165483,0.7288945,-0.24568911
4/1/2011,2011,APR,NA,NA,-1.068333333,NA,-0.51516,-0.627333333,-0.01779182,-0.18514676,0.4829406,-0.08690217,0.35397935,-0.192923,0.8516904,-0.056165483
5/1/2011,2011,MAY,NA,NA,NA,NA,-1.068333333,NA,0.5062419,-0.18072183,-0.01779182,-0.18514676,0.4829406,-0.08690217,0.35397935,-0.192923
6/1/2011,2011,JUN,NA,NA,NA,NA,NA,NA,0.037526388,0.041118674,0.5062419,-0.18072183,-0.01779182,-0.18514676,0.4829406,-0.08690217
7/1/2011,2011,JUL,NA,NA,NA,NA,NA,NA,-0.006414815,0.14641081,0.037526388,0.041118674,0.5062419,-0.18072183,-0.01779182,-0.18514676
8/1/2011,2011,AUG,1.976130435,1.091409091,NA,NA,NA,NA,0.28054222,-0.12338037,-0.006414815,0.14641081,0.037526388,0.041118674,0.5062419,-0.18072183
9/1/2011,2011,SEP,-0.851458333,-0.686772727,1.976130435,1.091409091,NA,NA,0.9918708,-0.002300463,0.28054222,-0.12338037,-0.006414815,0.14641081,0.037526388,0.041118674
10/1/2011,2011,OCT,-1.10472,-1.445590909,-0.851458333,-0.686772727,1.976130435,1.091409091,1.0478003,-0.035660878,0.9918708,-0.002300463,0.28054222,-0.12338037,-0.006414815,0.14641081
11/1/2011,2011,NOV,0.390884615,1.552478261,-1.10472,-1.445590909,-0.851458333,-0.686772727,0.94529414,-0.09529831,1.0478003,-0.035660878,0.9918708,-0.002300463,0.28054222,-0.12338037
12/1/2011,2011,DEC,-0.675615385,0.040041667,0.390884615,1.552478261,-1.10472,-1.445590909,0.024494445,0.10566089,0.94529414,-0.09529831,1.0478003,-0.035660878,0.9918708,-0.002300463
1/1/2012,2012,JAN,-1.455076923,-1.059,-0.675615385,0.040041667,0.390884615,1.552478261,0.3437349,-0.19311549,0.024494445,0.10566089,0.94529414,-0.09529831,1.0478003,-0.035660878
2/1/2012,2012,FEB,-0.72616,-1.178333333,-1.455076923,-1.059,-0.675615385,0.040041667,0.5321016,-0.19470818,0.3437349,-0.19311549,0.024494445,0.10566089,0.94529414,-0.09529831
3/1/2012,2012,MAR,-1.100333333,-0.970736842,-0.72616,-1.178333333,-1.455076923,-1.059,0.47858506,-0.15929477,0.5321016,-0.19470818,0.3437349,-0.19311549,0.024494445,0.10566089
4/1/2012,2012,APR,-1.333666667,-1.3729,-1.100333333,-0.970736842,-0.72616,-1.178333333,0.47127485,-0.18513009,0.47858506,-0.15929477,0.5321016,-0.19470818,0.3437349,-0.19311549
5/1/2012,2012,MAY,-0.070041667,-0.72765,-1.333666667,-1.3729,-1.100333333,-0.970736842,0.14490636,-0.19288406,0.47127485,-0.18513009,0.47858506,-0.15929477,0.5321016,-0.19470818
6/1/2012,2012,JUN,-1.049043478,-0.898045455,-0.070041667,-0.72765,-1.333666667,-1.3729,-0.1890736,-0.16277577,0.14490636,-0.19288406,0.47127485,-0.18513009,0.47858506,-0.15929477
7/1/2012,2012,JUL,-0.46188,0.586863636,-1.049043478,-0.898045455,-0.070041667,-0.72765,-0.34003147,0.29891637,-0.1890736,-0.16277577,0.14490636,-0.19288406,0.47127485,-0.18513009
8/1/2012,2012,AUG,-0.793869565,1.589409091,-0.46188,0.586863636,-1.049043478,-0.898045455,-0.15775777,0.19903074,-0.34003147,0.29891637,-0.1890736,-0.16277577,0.14490636,-0.19288406
9/1/2012,2012,SEP,-1.181458333,-0.232772727,-0.793869565,1.589409091,-0.46188,0.586863636,0.1300375,0.20405509,-0.15775777,0.19903074,-0.34003147,0.29891637,-0.1890736,-0.16277577
10/1/2012,2012,OCT,-1.00072,-1.222590909,-1.181458333,-0.232772727,-0.793869565,1.589409091,0.20506701,-0.14080532,0.1300375,0.20405509,-0.15775777,0.19903074,-0.34003147,0.29891637
11/1/2012,2012,NOV,1.324884615,-1.363521739,-1.00072,-1.222590909,-1.181458333,-0.232772727,0.7272691,0.07114891,0.20506701,-0.14080532,0.1300375,0.20405509,-0.15775777,0.19903074
12/1/2012,2012,DEC,1.876384615,0.196041667,1.324884615,-1.363521739,-1.00072,-1.222590909,0.7816778,-0.2253354,0.7272691,0.07114891,0.20506701,-0.14080532,0.1300375,0.20405509
1/1/2013,2013,JAN,0.312923077,0.284,1.876384615,0.196041667,1.324884615,-1.363521739,0.7475904,-0.30753216,0.7816778,-0.2253354,0.7272691,0.07114891,0.20506701,-0.14080532
2/1/2013,2013,FEB,-0.82816,-0.458333333,0.312923077,0.284,1.876384615,0.196041667,0.46209043,-0.17926374,0.7475904,-0.30753216,0.7816778,-0.2253354,0.7272691,0.07114891
3/1/2013,2013,MAR,-1.583333333,-0.827736842,-0.82816,-0.458333333,0.312923077,0.284,-0.077092715,-0.15196884,0.46209043,-0.17926374,0.7475904,-0.30753216,0.7816778,-0.2253354
4/1/2013,2013,APR,-1.610666667,-0.9509,-1.583333333,-0.827736842,-0.82816,-0.458333333,0.28204152,-0.24445231,-0.077092715,-0.15196884,0.46209043,-0.17926374,0.7475904,-0.30753216
5/1/2013,2013,MAY,-0.973041667,-0.54365,-1.610666667,-0.9509,-1.583333333,-0.827736842,-0.033654753,-0.12317851,0.28204152,-0.24445231,-0.077092715,-0.15196884,0.46209043,-0.17926374
6/1/2013,2013,JUN,-0.158043478,-0.560045455,-0.973041667,-0.54365,-1.610666667,-0.9509,-0.15347362,0.18031867,-0.033654753,-0.12317851,0.28204152,-0.24445231,-0.077092715,-0.15196884
7/1/2013,2013,JUL,-0.01388,0.482863636,-0.158043478,-0.560045455,-0.973041667,-0.54365,0.22265185,-0.14342253,-0.15347362,0.18031867,-0.033654753,-0.12317851,0.28204152,-0.24445231
8/1/2013,2013,AUG,-0.528869565,-1.946590909,-0.01388,0.482863636,-0.158043478,-0.560045455,-0.12512444,0.17445296,0.22265185,-0.14342253,-0.15347362,0.18031867,-0.033654753,-0.12317851
9/1/2013,2013,SEP,0.672541667,-0.071772727,-0.528869565,-1.946590909,-0.01388,0.482863636,0.2440375,-0.65610045,-0.12512444,0.17445296,0.22265185,-0.14342253,-0.15347362,0.18031867
10/1/2013,2013,OCT,0.77528,2.435409091,0.672541667,-0.071772727,-0.528869565,-1.946590909,0.58358365,-0.40314975,0.2440375,-0.65610045,-0.12512444,0.17445296,0.22265185,-0.14342253
11/1/2013,2013,NOV,-1.792115385,1.338478261,0.77528,2.435409091,0.672541667,-0.071772727,0.81532747,-0.36348164,0.58358365,-0.40314975,0.2440375,-0.65610045,-0.12512444,0.17445296
12/1/2013,2013,DEC,0.174384615,-0.361958333,-1.792115385,1.338478261,0.77528,2.435409091,0.3448111,-0.29551134,0.81532747,-0.36348164,0.58358365,-0.40314975,0.2440375,-0.65610045
1/1/2014,2014,JAN,-0.958076923,-1.523,0.174384615,-0.361958333,-1.792115385,1.338478261,0.6091071,0.097701184,0.3448111,-0.29551134,0.81532747,-0.36348164,0.58358365,-0.40314975
2/1/2014,2014,FEB,-0.32516,-1.471333333,-0.958076923,-1.523,0.174384615,-0.361958333,0.12597933,-0.16984892,0.6091071,0.097701184,0.3448111,-0.29551134,0.81532747,-0.36348164
3/1/2014,2014,MAR,0.211666667,-0.925736842,-0.32516,-1.471333333,-0.958076923,-1.523,0.2528573,-0.10432995,0.12597933,-0.16984892,0.6091071,0.097701184,0.3448111,-0.29551134
4/1/2014,2014,APR,0.508333333,0.1651,0.211666667,-0.925736842,-0.32516,-1.471333333,0.25525817,-0.100580096,0.2528573,-0.10432995,0.12597933,-0.16984892,0.6091071,0.097701184
5/1/2014,2014,MAY,0.810958333,0.16735,0.508333333,0.1651,0.211666667,-0.925736842,0.06328414,0.19031964,0.25525817,-0.100580096,0.2528573,-0.10432995,0.12597933,-0.16984892
6/1/2014,2014,JUN,0.574956522,1.125954545,0.810958333,0.16735,0.508333333,0.1651,-0.63630694,0.62403536,0.06328414,0.19031964,0.25525817,-0.100580096,0.2528573,-0.10432995
7/1/2014,2014,JUL,-0.12488,-0.158136364,0.574956522,1.125954545,0.810958333,0.16735,-1.0650648,0.32976636,-0.63630694,0.62403536,0.06328414,0.19031964,0.25525817,-0.100580096
8/1/2014,2014,AUG,1.262130435,-0.862590909,-0.12488,-0.158136364,0.574956522,1.125954545,-0.62509114,0.09395296,-1.0650648,0.32976636,-0.63630694,0.62403536,0.06328414,0.19031964
9/1/2014,2014,SEP,1.109541667,-1.456772727,1.262130435,-0.862590909,-0.12488,-0.158136364,-0.5389847,0.040688425,-0.62509114,0.09395296,-1.0650648,0.32976636,-0.63630694,0.62403536
10/1/2014,2014,OCT,2.51928,2.022409091,1.109541667,-1.456772727,1.262130435,-0.862590909,-0.806733,0.20118912,-0.5389847,0.040688425,-0.62509114,0.09395296,-1.0650648,0.32976636
11/1/2014,2014,NOV,2.319884615,2.936478261,2.51928,2.022409091,1.109541667,-1.456772727,-0.7287226,0.41234612,-0.806733,0.20118912,-0.5389847,0.040688425,-0.62509114,0.09395296
12/1/2014,2014,DEC,3.047384615,1.815041667,2.319884615,2.936478261,2.51928,2.022409091,-1.1292223,0.5910998,-0.7287226,0.41234612,-0.806733,0.20118912,-0.5389847,0.040688425
1/1/2015,2015,JAN,3.270923077,2.217,3.047384615,1.815041667,2.319884615,2.936478261,-0.1683429,0.36358452,-1.1292223,0.5910998,-0.7287226,0.41234612,-0.806733,0.20118912
2/1/2015,2015,FEB,NA,2.020666667,3.270923077,2.217,3.047384615,1.815041667,0.060657114,0.23259182,-0.1683429,0.36358452,-1.1292223,0.5910998,-0.7287226,0.41234612
3/1/2015,2015,MAR,NA,2.133263158,NA,2.020666667,3.270923077,2.217,0.0750184,0.487183,0.060657114,0.23259182,-0.1683429,0.36358452,-1.1292223,0.5910998
4/1/2015,2015,APR,1.322333333,1.1491,NA,2.133263158,NA,2.020666667,-0.64017516,0.465431,0.0750184,0.487183,0.060657114,0.23259182,-0.1683429,0.36358452
5/1/2015,2015,MAY,0.013958333,-0.05765,1.322333333,1.1491,NA,2.133263158,-0.9597881,0.6002076,-0.64017516,0.465431,0.0750184,0.487183,0.060657114,0.23259182
6/1/2015,2015,JUN,-0.521043478,0.387954545,0.013958333,-0.05765,1.322333333,1.1491,-1.0839069,0.79967976,-0.9597881,0.6002076,-0.64017516,0.465431,0.0750184,0.487183
7/1/2015,2015,JUL,0.72912,-1.155136364,-0.521043478,0.387954545,0.013958333,-0.05765,-1.1382482,0.39775524,-1.0839069,0.79967976,-0.9597881,0.6002076,-0.64017516,0.465431
8/1/2015,2015,AUG,1.990130435,1.398409091,0.72912,-1.155136364,-0.521043478,0.387954545,-1.1446959,0.02268287,-1.1382482,0.39775524,-1.0839069,0.79967976,-0.9597881,0.6002076
9/1/2015,2015,SEP,NA,1.414227273,1.990130435,1.398409091,0.72912,-1.155136364,-1.167733,0.37030578,-1.1446959,0.02268287,-1.1382482,0.39775524,-1.0839069,0.79967976
10/1/2015,2015,OCT,NA,1.716409091,NA,1.414227273,1.990130435,1.398409091,-1.3326726,0.32489982,-1.167733,0.37030578,-1.1446959,0.02268287,-1.1382482,0.39775524
11/1/2015,2015,NOV,3.266884615,1.689478261,NA,1.716409091,NA,1.414227273,-1.4331445,0.56640166,-1.3326726,0.32489982,-1.167733,0.37030578,-1.1446959,0.02268287
12/1/2015,2015,DEC,0.407384615,1.344041667,3.266884615,1.689478261,NA,1.716409091,-1.4609929,0.8060956,-1.4331445,0.56640166,-1.3326726,0.32489982,-1.167733,0.37030578
1/1/2016,2016,JAN,0.747923077,1.074,0.407384615,1.344041667,3.266884615,1.689478261,-0.6465373,0.5984566,-1.4609929,0.8060956,-1.4331445,0.56640166,-1.3326726,0.32489982
2/1/2016,2016,FEB,1.24384,1.055666667,0.747923077,1.074,0.407384615,1.344041667,-0.6247594,0.4630645,-0.6465373,0.5984566,-1.4609929,0.8060956,-1.4331445,0.56640166
3/1/2016,2016,MAR,1.794666667,1.278263158,1.24384,1.055666667,0.747923077,1.074,-0.7926585,0.29760325,-0.6247594,0.4630645,-0.6465373,0.5984566,-1.4609929,0.8060956
4/1/2016,2016,APR,1.768333333,1.4381,1.794666667,1.278263158,1.24384,1.055666667,-0.95860475,0.41451037,-0.7926585,0.29760325,-0.6247594,0.4630645,-0.6465373,0.5984566
5/1/2016,2016,MAY,1.020958333,1.85135,1.768333333,1.4381,1.794666667,1.278263158,,,-0.95860475,0.41451037,-0.7926585,0.29760325,-0.6247594,0.4630645
6/1/2016,2016,JUN,0.515956522,1.009954545,1.020958333,1.85135,1.768333333,1.4381,,,,,-0.95860475,0.41451037,-0.7926585,0.29760325
7/1/2016,2016,JUL,0.58012,0.559863636,0.515956522,1.009954545,1.020958333,1.85135,,,,,,,-0.95860475,0.41451037
8/1/2016,2016,AUG,NA,1.427409091,0.58012,0.559863636,0.515956522,1.009954545,,,,,,,,
9/1/2016,2016,SEP,NA,-0.578772727,NA,1.427409091,0.58012,0.559863636,,,,,,,,
10/1/2016,2016,OCT,NA,0.483409091,NA,-0.578772727,NA,1.427409091,,,,,,,,
11/1/2016,2016,NOV,NA,0.756478261,NA,0.483409091,NA,-0.578772727,,,,,,,,
12/1/2016,2016,DEC,NA,2.064041667,NA,0.756478261,NA,0.483409091,,,,,,,,
1/1/2017,2017,JAN,NA,1.216,NA,2.064041667,NA,0.756478261,,,,,,,,
2/1/2017,2017,FEB,NA,0.004666667,NA,1.216,NA,2.064041667,,,,,,,,
,,,NA,0.323263158,NA,0.004666667,NA,1.216,,,,,,,,
,,,,,NA,0.323263158,NA,0.004666667,,,,,,,,
,,,,,,,NA,0.323263158,,,,,,,,